panel	sample	arm	binary	technology	truth_type	status	wall_s	peak_rss_gb	exit_status	n_universe	ref_md5	truth_orphans	n_truth	n_shared	spearman	kendall	pearson_log1p	ccc_log1p	rmse	mard	spearman_inner	mard_inner	estimate_cv	truth_is_constant	rescaled	kernel	rank_blend_active	learned_censor_scale_nt	coverage_s	em_s
A	H146-cdna	+calib	demote	ont-cdna	illumina	ok	1.87	0.472	0	251488	9afd4f42be9df8c89b27ea474c1e604c	803	252291	119099	0.2106319670522305	0.1863894182623232	0.2795601793052505	0.16425024903732582	5991.818262940318	0.4670021259976252	0.24345191209200032	0.9820956052869563			yes	cross_fitted_adaptive_endpoint	False		0.034940256	0.944786781
A	H146-cdna	+censor	demote	ont-cdna	illumina	ok	1.93	0.469	0	251488	9afd4f42be9df8c89b27ea474c1e604c	803	252291	119099	0.2100128015429749	0.18585306476200839	0.2796705313816778	0.16443850400661422	6004.887597329356	0.4670092009784032	0.24329235410738656	0.9820925152767565			yes	cross_fitted_adaptive_endpoint	False	47.69933210502073	0.04184871	0.995761728
A	H146-cdna	+prune	demote	ont-cdna	illumina	ok	1.84	0.457	0	251488	9afd4f42be9df8c89b27ea474c1e604c	803	252291	119099	0.2113110979730233	0.1870011500914117	0.2808869508576347	0.16565952263675177	5990.305126768085	0.46696742047269063	0.24432623667575049	0.9819451750031883			yes	cross_fitted_adaptive_endpoint	False		0.037055137	0.916757573
A	H146-cdna	+rank	demote	ont-cdna	illumina	ok	1.99	0.467	0	251488	9afd4f42be9df8c89b27ea474c1e604c	803	252291	119099	0.2201880242238512	0.1942734883537981	0.3002267168558728	0.1847837375590229	5948.697530481598	0.4673738826183467	0.2658047993869349	0.9766023636235304			yes	cross_fitted_adaptive_endpoint	True		0.1692036	0.930288629
A	H146-cdna	adaptive-bare	demote	ont-cdna	illumina	ok	1.82	0.453	0	251488	9afd4f42be9df8c89b27ea474c1e604c	803	252291	119099	0.21024429132020758	0.18604389925334266	0.2792141903170741	0.1639949136400744	5994.655321814008	0.4670407490821408	0.24297029852591018	0.9821507281280897			yes	cross_fitted_adaptive_endpoint	False		0.033104389	0.894951844
A	H146-cdna	auto-new	demote	ont-cdna	illumina	ok	1.89	0.462	0	251488	9afd4f42be9df8c89b27ea474c1e604c	803	252291	119099	0.21032863207562277	0.18613552508165399	0.2799467973561023	0.16463344213209774	6002.1077245283905	0.46697635488959677	0.2436969197541809	0.982049912884367			yes	cross_fitted_adaptive_endpoint	False	47.69933210502073	0.042535693	0.967021199
A	H146-cdna	auto-old	demote	ont-cdna	illumina	ok	2.0	0.455	0	251488	9afd4f42be9df8c89b27ea474c1e604c	803	252291	119099	0.22235015386842763	0.1961715704153914	0.3031628245616853	0.18870492650123333	5932.631899301336	0.46717232639580125	0.26834615816845697	0.975809059464405			yes	cross_fitted_adaptive_endpoint	True	47.69933210502073	0.175454096	0.9453212
A	H146-cdna	logistic	demote	ont-cdna	illumina	ok	1.83	0.484	0	251488	9afd4f42be9df8c89b27ea474c1e604c	803	252291	119099	0.20896197696874486	0.18496376180007873	0.2769887290993401	0.16284798809447287	5987.250998280621	0.4670102615896636	0.23919121269802118	0.9824428422376742			yes		False		0.013600852	0.917147583
A	H146-cdna	none	demote	ont-cdna	illumina	ok	1.8	0.453	0	251488	9afd4f42be9df8c89b27ea474c1e604c	803	252291	119099	0.21869860871617613	0.19300238338922285	0.29706155796488404	0.18664834302964173	6033.981789046243	0.46662336001061366	0.26321730925889514	0.9754414387915453			yes		False		5.147e-06	0.926273388
A	H146-cdna	logistic	main	ont-cdna	illumina	ok	1.67	0.452	0	251488	9afd4f42be9df8c89b27ea474c1e604c	803	252291	119099	0.21022297355113007	0.18609171681084608	0.27861757644749174	0.16431150545237724	5987.540349831007	0.4669519741808137	0.2412918299091655	0.9821570431291413			yes					
A	H146-drna	+calib	demote	ont-drna	illumina	ok	2.03	0.469	0	251488	9afd4f42be9df8c89b27ea474c1e604c	803	252291	119099	0.28946393163842354	0.25608862555514933	0.3924236993757837	0.27512572242667727	4588.820603566284	0.4585629252980907	0.3538737933298907	0.9634417624482536			yes	ont_drna_competing_risks	False		0.092410308	1.040615258
A	H146-drna	+censor	demote	ont-drna	illumina	ok	2.0	0.483	0	251488	9afd4f42be9df8c89b27ea474c1e604c	803	252291	119099	0.290561840023158	0.2570325618760756	0.39392191959697026	0.27682985294867224	4594.702846081576	0.4584112739758569	0.3550933223441156	0.9630848990939279			yes	ont_drna_competing_risks	False	62.505130597014926	0.097430564	1.012728846
A	H146-drna	+prune	demote	ont-drna	illumina	ok	2.0	0.466	0	251488	9afd4f42be9df8c89b27ea474c1e604c	803	252291	119099	0.28987940484843977	0.2564926290711831	0.3933376078683623	0.27636031457412336	4585.86592786772	0.4585093098483044	0.35455921098181903	0.9632285227229401			yes	ont_drna_competing_risks	False		0.094012897	1.0043609
A	H146-drna	+rank	demote	ont-drna	illumina	ok	2.1	0.458	0	251488	9afd4f42be9df8c89b27ea474c1e604c	803	252291	119099	0.29608318864839683	0.2612440507600743	0.4083635770269421	0.2960832943996983	4611.4257025435145	0.4584730781654367	0.37041565102481966	0.9569717126047209			yes	ont_drna_competing_risks	True		0.218479116	0.979417273
A	H146-drna	adaptive-bare	demote	ont-drna	illumina	ok	1.98	0.482	0	251488	9afd4f42be9df8c89b27ea474c1e604c	803	252291	119099	0.2890935672012513	0.2557649907873784	0.3919876983195027	0.2746636158580193	4592.688400810932	0.4586055640334635	0.3536460079243872	0.963515327497758			yes	ont_drna_competing_risks	False		0.090895841	0.998459957
A	H146-drna	auto-new	demote	ont-drna	illumina	ok	1.95	0.47	0	251488	9afd4f42be9df8c89b27ea474c1e604c	803	252291	119099	0.2909361401319385	0.2573599070102095	0.39428913771077856	0.2772393823017184	4590.858610956452	0.4583819439576171	0.35533753932701045	0.963039013702146			yes	ont_drna_competing_risks	False	62.505130597014926	0.098308778	0.949554149
A	H146-drna	auto-old	demote	ont-drna	illumina	ok	2.15	0.468	0	251488	9afd4f42be9df8c89b27ea474c1e604c	803	252291	119099	0.2994526563938841	0.26415178087256685	0.41270854325365597	0.3017375701348651	4601.928059135401	0.45809635723652065	0.37457609847665135	0.9557639297300771			yes	ont_drna_competing_risks	True	62.505130597014926	0.222352878	1.030953298
A	H146-drna	logistic	demote	ont-drna	illumina	ok	1.92	0.478	0	251488	9afd4f42be9df8c89b27ea474c1e604c	803	252291	119099	0.2886315565975484	0.2554059194088862	0.3915884614426516	0.2745546916339243	4598.101712910704	0.4585318745965304	0.3520605523548912	0.9635578252625959			yes		False		0.015385349	1.017543699
A	H146-drna	none	demote	ont-drna	illumina	ok	1.85	0.453	0	251488	9afd4f42be9df8c89b27ea474c1e604c	803	252291	119099	0.2942496572635421	0.2596790636898928	0.402924694914337	0.29577330374077715	4646.010587615443	0.45799104971882737	0.3672220171850223	0.9562801096321105			yes		False		4.646e-06	0.980752805
A	H146-drna	logistic	main	ont-drna	illumina	ok	1.86	0.48	0	251488	9afd4f42be9df8c89b27ea474c1e604c	803	252291	119099	0.28985723175025674	0.25651310097951874	0.39302268037968974	0.2758693704535378	4592.550261425649	0.45841456311600254	0.35322659641817655	0.963336957877398			yes					
A	H146-pb	+calib	demote	pac-bio	illumina	ok	2.58	0.463	0	251488	9afd4f42be9df8c89b27ea474c1e604c	803	252291	119099	0.3055660185444359	0.270027798491925	0.4084537395637403	0.3096426761529471	2857.214556588559	0.45788147341393626	0.36839722358040977	0.9590318619072564			yes	pacbio_guarded_physical_endpoint	False		0.657048975	1.013499188
A	H146-pb	+censor	demote	pac-bio	illumina	ok	2.52	0.47	0	251488	9afd4f42be9df8c89b27ea474c1e604c	803	252291	119099	0.3056009405476234	0.27012140908238014	0.40850018668625543	0.30998785988436545	2853.7796069462192	0.45784538890910326	0.36884506730310473	0.9588838799220831			yes	pacbio_guarded_physical_endpoint	False	91.6808686318223	0.667035939	0.942096946
A	H146-pb	+prune	demote	pac-bio	illumina	ok	2.61	0.46	0	251488	9afd4f42be9df8c89b27ea474c1e604c	803	252291	119099	0.3067006300776728	0.271107942060247	0.40998812133207513	0.31263475922078154	2832.810694383437	0.4577585219343099	0.3705081296929216	0.9584494521980425			yes	pacbio_guarded_physical_endpoint	False		0.656841421	1.046565807
A	H146-pb	+rank	demote	pac-bio	illumina	ok	2.58	0.46	0	251488	9afd4f42be9df8c89b27ea474c1e604c	803	252291	119099	0.30791153569900004	0.27192051984998833	0.41166845527156903	0.31362214657152576	2859.122199192916	0.4577517109539626	0.37281249785211323	0.9579790307098311			yes	pacbio_guarded_physical_endpoint	True		0.659406929	1.019205272
A	H146-pb	adaptive-bare	demote	pac-bio	illumina	ok	2.56	0.452	0	251488	9afd4f42be9df8c89b27ea474c1e604c	803	252291	119099	0.30528518601658045	0.2698318440526491	0.4080993338564075	0.30923995029728135	2857.4239400757306	0.4579209907344485	0.36829695482614105	0.9591247010961017			yes	pacbio_guarded_physical_endpoint	False		0.634732062	1.037164075
A	H146-pb	auto-new	demote	pac-bio	illumina	ok	2.67	0.463	0	251488	9afd4f42be9df8c89b27ea474c1e604c	803	252291	119099	0.3058737072418279	0.27036013703698786	0.4087855877462233	0.3103356183398477	2853.4220169528876	0.4578120395553162	0.3689863702431562	0.9588038263379338			yes	pacbio_guarded_physical_endpoint	False	91.6808686318223	0.665345003	1.079331912
A	H146-pb	auto-old	demote	pac-bio	illumina	ok	2.7	0.461	0	251488	9afd4f42be9df8c89b27ea474c1e604c	803	252291	119099	0.3096922022722141	0.27342499373711027	0.4140651835786789	0.3182257543418061	2826.806318885749	0.45756398099415024	0.37573869849329533	0.9569178542672916			yes	pacbio_guarded_physical_endpoint	True	91.6808686318223	0.657538157	1.108856613
A	H146-pb	logistic	demote	pac-bio	illumina	ok	1.97	0.476	0	251488	9afd4f42be9df8c89b27ea474c1e604c	803	252291	119099	0.3041553545060511	0.26892103565754466	0.4051171029339041	0.30535007224622296	2833.9753136571157	0.4580526826804477	0.3640890934385644	0.9604077960424308			yes		False		0.017033209	1.050032793
A	H146-pb	none	demote	pac-bio	illumina	ok	1.99	0.462	0	251488	9afd4f42be9df8c89b27ea474c1e604c	803	252291	119099	0.30989598176050503	0.2733361997495903	0.41617493834687286	0.32269226951117636	2682.9664919491584	0.45761286297803716	0.3801679997093016	0.9547912949431099			yes		False		4.857e-06	1.099949317
A	H146-pb	logistic	main	pac-bio	illumina	ok	2.05	0.462	0	251488	9afd4f42be9df8c89b27ea474c1e604c	803	252291	119099	0.30422672914004323	0.26901262751552	0.40450911031666953	0.30505227870974394	2830.5517483905955	0.4581091032370627	0.3642867293103678	0.9604503436503498			yes					
A	H146-pb-250k	+calib	demote	pac-bio	illumina	ok	5.08	0.449	0	251488	9afd4f42be9df8c89b27ea474c1e604c	803	252291	119099	0.4188101044083752	0.36911176925544764	0.529022871694264	0.46337771475484096	4212.011082539572	0.4373903831979854	0.4784639112170657	0.9027146737764989			yes	pacbio_guarded_physical_endpoint	False		1.993172357	1.492328056
A	H146-pb-250k	+censor	demote	pac-bio	illumina	ok	5.01	0.449	0	251488	9afd4f42be9df8c89b27ea474c1e604c	803	252291	119099	0.41919360175045484	0.3693379578646893	0.5294773985445469	0.46471555232121603	4188.653377632757	0.4374000872199992	0.47970741878936446	0.9019447966002174			yes	pacbio_guarded_physical_endpoint	False	92.3939893525674	1.9258929390000001	1.469396903
A	H146-pb-250k	+prune	demote	pac-bio	illumina	ok	5.12	0.449	0	251488	9afd4f42be9df8c89b27ea474c1e604c	803	252291	119099	0.4232407593893068	0.3729298865045234	0.5345038568789902	0.4724027821598339	4127.869107755983	0.43682069767367687	0.4868015624413622	0.8994345946900961			yes	pacbio_guarded_physical_endpoint	False		1.998598988	1.503721968
A	H146-pb-250k	+rank	demote	pac-bio	illumina	ok	5.09	0.449	0	251488	9afd4f42be9df8c89b27ea474c1e604c	803	252291	119099	0.4200794064435358	0.3699365834443281	0.5311761734807413	0.46628407351400336	4215.123243588144	0.4375923614584682	0.4821023404996509	0.9017077485511112			yes	pacbio_guarded_physical_endpoint	True		1.940148104	1.563150762
A	H146-pb-250k	adaptive-bare	demote	pac-bio	illumina	ok	5.04	0.448	0	251488	9afd4f42be9df8c89b27ea474c1e604c	803	252291	119099	0.418286025043342	0.3687090970468458	0.5284199467512483	0.46268788185219845	4213.993607916085	0.4374895957433525	0.47802460664279917	0.9029257525688531			yes	pacbio_guarded_physical_endpoint	False		1.905324016	1.5335253020000001
A	H146-pb-250k	auto-new	demote	pac-bio	illumina	ok	5.33	0.449	0	251488	9afd4f42be9df8c89b27ea474c1e604c	803	252291	119099	0.41968587041100963	0.3697811976321093	0.5301278920999825	0.4654595679402656	4187.003536311082	0.4372780435115339	0.4800984199204017	0.9016871639761			yes	pacbio_guarded_physical_endpoint	False	92.3939893525674	1.975945838	1.747483637
A	H146-pb-250k	auto-old	demote	pac-bio	illumina	ok	5.14	0.449	0	251488	9afd4f42be9df8c89b27ea474c1e604c	803	252291	119099	0.4264902968283761	0.3751064449197742	0.5388315944293165	0.47884512008607927	4120.390124194371	0.43677446979184564	0.49281210409701753	0.8966941588246997			yes	pacbio_guarded_physical_endpoint	True	92.3939893525674	1.969661761	1.5854259339999999
A	H146-pb-250k	logistic	demote	pac-bio	illumina	ok	3.13	0.449	0	251488	9afd4f42be9df8c89b27ea474c1e604c	803	252291	119099	0.41628748451834763	0.3671160705703361	0.5250467439242067	0.4585828073212198	4338.477282528766	0.43771918174895164	0.47348642717269557	0.9046295402387036			yes		False		0.051948858	1.472877566
A	H146-pb-250k	none	demote	pac-bio	illumina	ok	3.39	0.449	0	251488	9afd4f42be9df8c89b27ea474c1e604c	803	252291	119099	0.4145098322756907	0.3648192838360371	0.5249074446538	0.46156380444803663	4401.461702718136	0.43852904535120074	0.47600304915553177	0.9013467671310025			yes		False		6.959e-06	1.8508475739999999
A	H146-pb-250k	logistic	main	pac-bio	illumina	ok	3.57	0.448	0	251488	9afd4f42be9df8c89b27ea474c1e604c	803	252291	119099	0.41652645281787937	0.3672148855225834	0.525625333488453	0.4593229027161863	4316.962810701105	0.43793106861729175	0.47566922227216013	0.9044459680080736			yes					
A	H1975-cdna	+calib	demote	ont-cdna	illumina	ok	1.89	0.454	0	251488	9afd4f42be9df8c89b27ea474c1e604c	803	252291	114671	0.22933408293695487	0.20386508808600803	0.31450614833220764	0.19401335610411188	6225.22314856824	0.44810204160718675	0.26957824247036544	0.9793618563790683			yes	cross_fitted_adaptive_endpoint	False		0.036191095	0.935340887
A	H1975-cdna	+censor	demote	ont-cdna	illumina	ok	1.89	0.468	0	251488	9afd4f42be9df8c89b27ea474c1e604c	803	252291	114671	0.22962579470824943	0.2041305646583902	0.3160238960009077	0.195103548756108	6222.708729390992	0.4480200302600967	0.2705422206774446	0.9792461957379376			yes	cross_fitted_adaptive_endpoint	False	45.33207103682424	0.043005159	0.947951609
A	H1975-cdna	+prune	demote	ont-cdna	illumina	ok	1.88	0.454	0	251488	9afd4f42be9df8c89b27ea474c1e604c	803	252291	114671	0.23009912679149427	0.20455194524591108	0.3157160824942072	0.19558100816148144	6215.12066030681	0.44805765920236296	0.27070333169577887	0.9791696757455187			yes	cross_fitted_adaptive_endpoint	False		0.038335646	0.936560909
A	H1975-cdna	+rank	demote	ont-cdna	illumina	ok	2.27	0.489	0	251488	9afd4f42be9df8c89b27ea474c1e604c	803	252291	114671	0.2398552106547549	0.2127039515649031	0.33524659427744147	0.21626368840283647	6218.191365836985	0.44796875399491976	0.28882533271398564	0.9734050534730379			yes	cross_fitted_adaptive_endpoint	True		0.254211554	0.972387916
A	H1975-cdna	adaptive-bare	demote	ont-cdna	illumina	ok	1.9	0.465	0	251488	9afd4f42be9df8c89b27ea474c1e604c	803	252291	114671	0.22888530717020025	0.20346687049577472	0.31393945936846945	0.19355026220446295	6226.19678849565	0.44813638082363033	0.2692803430098979	0.9794122527728344			yes	cross_fitted_adaptive_endpoint	False		0.034306021	0.971039376
A	H1975-cdna	auto-new	demote	ont-cdna	illumina	ok	1.86	0.471	0	251488	9afd4f42be9df8c89b27ea474c1e604c	803	252291	114671	0.2299171566281601	0.20438786765513797	0.31642180939631215	0.19540930780164728	6221.802035114872	0.44800586075648885	0.27085739313376894	0.9792316776077792			yes	cross_fitted_adaptive_endpoint	False	45.33207103682424	0.044833415	0.913761587
A	H1975-cdna	auto-old	demote	ont-cdna	illumina	ok	2.21	0.468	0	251488	9afd4f42be9df8c89b27ea474c1e604c	803	252291	114671	0.24353141003860748	0.21592618152255474	0.3406874204886862	0.22263010633194527	6168.39314600643	0.44763557801141324	0.29324963492814016	0.9722798705725302			yes	cross_fitted_adaptive_endpoint	True	45.33207103682424	0.203211263	1.089457582
A	H1975-cdna	logistic	demote	ont-cdna	illumina	ok	1.91	0.453	0	251488	9afd4f42be9df8c89b27ea474c1e604c	803	252291	114671	0.22753118204298792	0.20230097151429074	0.3124110348778704	0.193065340029169	6188.857678910672	0.44814170783740953	0.2673825348990379	0.9795115067178087			yes		False		0.013253934	0.995398428
A	H1975-cdna	none	demote	ont-cdna	illumina	ok	1.79	0.453	0	251488	9afd4f42be9df8c89b27ea474c1e604c	803	252291	114671	0.23805579830344997	0.21114862977668153	0.3315449816515525	0.21777614306489093	6256.452170270891	0.44748308709232465	0.286119654683841	0.9725822737634513			yes		False		4.275e-06	0.916793675
A	H1975-cdna	logistic	main	ont-cdna	illumina	ok	1.51	0.467	0	251488	9afd4f42be9df8c89b27ea474c1e604c	803	252291	114671	0.22947659615521074	0.2040634628285458	0.315009842653955	0.19511257275602087	6164.6940367575635	0.4480028066054465	0.2697693505499726	0.9791919908933522			yes					
A	H1975-drna	+calib	demote	ont-drna	illumina	ok	2.04	0.469	0	251488	9afd4f42be9df8c89b27ea474c1e604c	803	252291	114671	0.29943030817887295	0.2662174868232952	0.4157688485012073	0.29918904287439074	4183.606019252897	0.44001640935721353	0.36917120385341284	0.960372651035143			yes	ont_drna_competing_risks	False		0.094852261	1.016567084
A	H1975-drna	+censor	demote	ont-drna	illumina	ok	2.06	0.486	0	251488	9afd4f42be9df8c89b27ea474c1e604c	803	252291	114671	0.29924531112303854	0.26604947194153006	0.4158509466655442	0.29951828462467256	4187.0048857690035	0.43999433431103374	0.36902769222234216	0.9602519968791151			yes	ont_drna_competing_risks	False	39.67320861867379	0.100702954	1.027098615
A	H1975-drna	+prune	demote	ont-drna	illumina	ok	2.1	0.454	0	251488	9afd4f42be9df8c89b27ea474c1e604c	803	252291	114671	0.3001425983610094	0.26689600389301515	0.4171625747801845	0.3009565172453146	4173.246495559059	0.43995251113463624	0.37068845858222027	0.9601202814420858			yes	ont_drna_competing_risks	False		0.097549817	1.053048387
A	H1975-drna	+rank	demote	ont-drna	illumina	ok	2.2	0.481	0	251488	9afd4f42be9df8c89b27ea474c1e604c	803	252291	114671	0.30871055411937076	0.27383427172901637	0.42986270505377183	0.3177213476103936	4192.006971148203	0.4401122794984988	0.386755310634935	0.9550328178654234			yes	ont_drna_competing_risks	True		0.230901162	1.04768236
A	H1975-drna	adaptive-bare	demote	ont-drna	illumina	ok	2.04	0.481	0	251488	9afd4f42be9df8c89b27ea474c1e604c	803	252291	114671	0.2991714093294607	0.2659852231373423	0.41547321816734784	0.2988601925161195	4186.335677206516	0.4400521740738653	0.3689406728834991	0.9604600784806765			yes	ont_drna_competing_risks	False		0.094002046	1.001164334
A	H1975-drna	auto-new	demote	ont-drna	illumina	ok	2.08	0.457	0	251488	9afd4f42be9df8c89b27ea474c1e604c	803	252291	114671	0.29953663382386214	0.26630974643986105	0.4162366892000378	0.2999223067380613	4184.280309663736	0.43995049410930676	0.3692558244025372	0.9601559054183506			yes	ont_drna_competing_risks	False	39.67320861867379	0.100746343	1.025250691
A	H1975-drna	auto-old	demote	ont-drna	illumina	ok	2.21	0.468	0	251488	9afd4f42be9df8c89b27ea474c1e604c	803	252291	114671	0.3104069361185044	0.27541251699980435	0.43325639345497424	0.32228765191575065	4175.571372784085	0.4393181493648037	0.3875446443085183	0.9541004109386998			yes	ont_drna_competing_risks	True	39.67320861867379	0.240854058	1.025383273
A	H1975-drna	logistic	demote	ont-drna	illumina	ok	2.03	0.473	0	251488	9afd4f42be9df8c89b27ea474c1e604c	803	252291	114671	0.2998079883269082	0.2666197457094583	0.41525809757832066	0.29865734596264776	4171.81464798208	0.4398835658427539	0.36843580728897746	0.9605883469359944			yes		False		0.016717693	1.076226859
A	H1975-drna	none	demote	ont-drna	illumina	ok	2.02	0.453	0	251488	9afd4f42be9df8c89b27ea474c1e604c	803	252291	114671	0.3057310001872696	0.27131435532759485	0.4243592184587983	0.3161716859195985	4228.52248042917	0.43937785002960655	0.38080398987212793	0.9548364596334525			yes		False		4.637e-06	1.066696541
A	H1975-drna	logistic	main	ont-drna	illumina	ok	1.65	0.465	0	251488	9afd4f42be9df8c89b27ea474c1e604c	803	252291	114671	0.30146452856462014	0.2681031688603514	0.416616798766046	0.30005730031103645	4174.993988990254	0.43979625617956936	0.3705233096458939	0.9603229234181961			yes					
A	H1975-pb	+calib	demote	pac-bio	illumina	ok	2.77	0.463	0	251488	9afd4f42be9df8c89b27ea474c1e604c	803	252291	114671	0.3084482836558621	0.27398476162483415	0.4237575118520272	0.3183316840322041	4337.791254374454	0.4397462541758134	0.37998271904707986	0.958073337129527			yes	pacbio_guarded_physical_endpoint	False		0.697662146	1.123331167
A	H1975-pb	+censor	demote	pac-bio	illumina	ok	2.67	0.476	0	251488	9afd4f42be9df8c89b27ea474c1e604c	803	252291	114671	0.3092211371211216	0.2746607901575366	0.4244354399001877	0.31944256618518546	4325.972249242804	0.4396573559073314	0.3809907218259558	0.9578441838201429			yes	pacbio_guarded_physical_endpoint	False	44.14389413988658	0.717343142	1.01548303
A	H1975-pb	+prune	demote	pac-bio	illumina	ok	2.65	0.478	0	251488	9afd4f42be9df8c89b27ea474c1e604c	803	252291	114671	0.3100001087930098	0.2754207583832216	0.42603983910053067	0.3223069026380476	4311.672640810974	0.43959127288581873	0.3826297746761517	0.9573357538434261			yes	pacbio_guarded_physical_endpoint	False		0.709846473	1.019416563
A	H1975-pb	+rank	demote	pac-bio	illumina	ok	2.65	0.467	0	251488	9afd4f42be9df8c89b27ea474c1e604c	803	252291	114671	0.3107440230903647	0.27588194422761536	0.42659023174144894	0.3219218926007444	4342.543505741999	0.43968087984769477	0.38404574342335895	0.9572795334150034			yes	pacbio_guarded_physical_endpoint	True		0.70859711	1.014807463
A	H1975-pb	adaptive-bare	demote	pac-bio	illumina	ok	2.81	0.449	0	251488	9afd4f42be9df8c89b27ea474c1e604c	803	252291	114671	0.30813449826678235	0.27371058670193343	0.42331973836890546	0.31793279455621487	4338.6118090374175	0.43978664320022137	0.37969153108060316	0.958145622223068			yes	pacbio_guarded_physical_endpoint	False		0.696480035	1.117578619
A	H1975-pb	auto-new	demote	pac-bio	illumina	ok	2.79	0.465	0	251488	9afd4f42be9df8c89b27ea474c1e604c	803	252291	114671	0.3096057111036832	0.27500023537153506	0.4248876442673339	0.3198910989168221	4325.0159990177335	0.4396167078850751	0.381343196412237	0.9577787849231842			yes	pacbio_guarded_physical_endpoint	False	44.14389413988658	0.716387101	1.106229167
A	H1975-pb	auto-old	demote	pac-bio	illumina	ok	2.77	0.491	0	251488	9afd4f42be9df8c89b27ea474c1e604c	803	252291	114671	0.3136110738769168	0.2783441415813234	0.43028096117353093	0.32796593209934694	4310.716553546624	0.4393702045033493	0.3882645922487463	0.9560023652117605			yes	pacbio_guarded_physical_endpoint	True	44.14389413988658	0.713627077	1.114072942
A	H1975-pb	logistic	demote	pac-bio	illumina	ok	1.97	0.479	0	251488	9afd4f42be9df8c89b27ea474c1e604c	803	252291	114671	0.3073144207317565	0.2730833606618966	0.4209299060297619	0.31418576849309693	4321.009338834659	0.43990401151407155	0.3761331125981024	0.9594326347193066			yes		False		0.017020738	1.034740015
A	H1975-pb	none	demote	pac-bio	illumina	ok	2.05	0.462	0	251488	9afd4f42be9df8c89b27ea474c1e604c	803	252291	114671	0.31205578073815693	0.2767333692543883	0.43079328907184705	0.33087552160201056	4414.366440765757	0.4394958479264781	0.3896376183355776	0.9536819997857252			yes		False		4.136e-06	1.124581271
A	H1975-pb	logistic	main	pac-bio	illumina	ok	1.68	0.479	0	251488	9afd4f42be9df8c89b27ea474c1e604c	803	252291	114671	0.30851235230260526	0.27415809897416493	0.4219088021845837	0.31515154621352615	4317.324439754083	0.4398356264086377	0.37744502116076345	0.9592371922585384			yes					
A	H211-cdna	+calib	demote	ont-cdna	illumina	ok	1.73	0.457	0	251488	9afd4f42be9df8c89b27ea474c1e604c	803	252291	115955	0.21139842618203178	0.18772924638459268	0.2827919665347047	0.16250716256580436	14090.495851395912	0.45438516983032357	0.2451758744144649	0.9826823794372134			yes	cross_fitted_adaptive_endpoint	False		0.032084883	0.829801083
A	H211-cdna	+censor	demote	ont-cdna	illumina	ok	1.76	0.457	0	251488	9afd4f42be9df8c89b27ea474c1e604c	803	252291	115955	0.21154287284608742	0.18786292326295104	0.28340717207303884	0.16346692249490333	14099.803202341674	0.45435203843576777	0.24593656879692624	0.9824889810737505			yes	cross_fitted_adaptive_endpoint	False	39.823581631829555	0.036948111	0.843897811
A	H211-cdna	+prune	demote	ont-cdna	illumina	ok	1.82	0.455	0	251488	9afd4f42be9df8c89b27ea474c1e604c	803	252291	115955	0.21237522067494005	0.18860993665303563	0.28423132047244903	0.16405130610692287	14084.799902302912	0.45434061033964895	0.2463314577251602	0.9825349972534582			yes	cross_fitted_adaptive_endpoint	False		0.034387029	0.915482864
A	H211-cdna	+rank	demote	ont-cdna	illumina	ok	1.98	0.461	0	251488	9afd4f42be9df8c89b27ea474c1e604c	803	252291	115955	0.2227363961705832	0.1973469138280314	0.30309931558035236	0.1824302147555475	14132.758234160316	0.4543306146166106	0.26607460989306564	0.9777506728906178			yes	cross_fitted_adaptive_endpoint	True		0.163278818	0.938922633
A	H211-cdna	adaptive-bare	demote	ont-cdna	illumina	ok	1.75	0.468	0	251488	9afd4f42be9df8c89b27ea474c1e604c	803	252291	115955	0.21124217964384867	0.1875913211766489	0.28256024017630227	0.16231516248484065	14090.608590940912	0.4543994596067738	0.24495037222768778	0.9827135446963043			yes	cross_fitted_adaptive_endpoint	False		0.030983492	0.848445096
A	H211-cdna	auto-new	demote	ont-cdna	illumina	ok	1.82	0.451	0	251488	9afd4f42be9df8c89b27ea474c1e604c	803	252291	115955	0.21164715512959797	0.18795576276218273	0.2835681998195599	0.16359323632671266	14099.96191850693	0.45434597832013507	0.2461038368879904	0.9824754666097214			yes	cross_fitted_adaptive_endpoint	False	39.823581631829555	0.037529538	0.894262929
A	H211-cdna	auto-old	demote	ont-cdna	illumina	ok	1.95	0.457	0	251488	9afd4f42be9df8c89b27ea474c1e604c	803	252291	115955	0.22628641500205962	0.2004636565100487	0.307283796315453	0.1873684538148455	14165.835352764983	0.4540510387699554	0.2702429359744852	0.9769385521823348			yes	cross_fitted_adaptive_endpoint	True	39.823581631829555	0.166407438	0.899550008
A	H211-cdna	logistic	demote	ont-cdna	illumina	ok	1.73	0.457	0	251488	9afd4f42be9df8c89b27ea474c1e604c	803	252291	115955	0.21164222453944223	0.18798317535295841	0.28232645615706	0.16257595409496242	14117.237276710779	0.4543070214574574	0.24372772230319614	0.982719370545175			yes		False		0.011884446	0.831268945
A	H211-cdna	none	demote	ont-cdna	illumina	ok	1.78	0.451	0	251488	9afd4f42be9df8c89b27ea474c1e604c	803	252291	115955	0.22046735348334154	0.19537872425675637	0.2994575595072843	0.18365350250103066	14156.872195595237	0.453741397195924	0.2626157300277714	0.9766907708059743			yes		False		5.087e-06	0.917734251
A	H211-cdna	logistic	main	ont-cdna	illumina	ok	1.51	0.465	0	251488	9afd4f42be9df8c89b27ea474c1e604c	803	252291	115955	0.2126013544920495	0.18884730676675854	0.2839495570890738	0.16374424871979892	14100.053725509673	0.45425909875940784	0.2459287511918033	0.9825418634783382			yes					
A	H211-drna	+calib	demote	ont-drna	illumina	ok	1.93	0.453	0	251488	9afd4f42be9df8c89b27ea474c1e604c	803	252291	115955	0.2683834001650667	0.23829919536503957	0.3678989115907637	0.24152048035745868	13768.5483653853	0.44828569772325944	0.33087588018056446	0.9685249356467063			yes	ont_drna_competing_risks	False		0.114613301	0.942769077
A	H211-drna	+censor	demote	ont-drna	illumina	ok	1.94	0.479	0	251488	9afd4f42be9df8c89b27ea474c1e604c	803	252291	115955	0.2689922268097725	0.23884558647961412	0.3691866710105177	0.24328765616396608	13770.896962965877	0.4481823318364034	0.33245951018101116	0.9681482525393386			yes	ont_drna_competing_risks	False	39.01555438780872	0.118844302	0.934299253
A	H211-drna	+prune	demote	ont-drna	illumina	ok	1.91	0.479	0	251488	9afd4f42be9df8c89b27ea474c1e604c	803	252291	115955	0.2689415466385316	0.23884008008426802	0.3690049862894263	0.24280479729780483	13766.890771962964	0.4482318266127455	0.33170367605207957	0.9683570001106193			yes	ont_drna_competing_risks	False		0.116266601	0.914596689
A	H211-drna	+rank	demote	ont-drna	illumina	ok	2.09	0.459	0	251488	9afd4f42be9df8c89b27ea474c1e604c	803	252291	115955	0.27593527948759605	0.24452578223765445	0.38349542461298225	0.26060957069497515	13787.75118430078	0.44799419079872493	0.3455278241149679	0.9632798329228498			yes	ont_drna_competing_risks	True		0.240526725	0.96131841
A	H211-drna	adaptive-bare	demote	ont-drna	illumina	ok	1.94	0.464	0	251488	9afd4f42be9df8c89b27ea474c1e604c	803	252291	115955	0.268071720340639	0.2380286731338048	0.36755519134058146	0.24118314147402892	13767.740936498161	0.4483064114841	0.3305076686487359	0.968578450898238			yes	ont_drna_competing_risks	False		0.113767932	0.945443324
A	H211-drna	auto-new	demote	ont-drna	illumina	ok	1.97	0.452	0	251488	9afd4f42be9df8c89b27ea474c1e604c	803	252291	115955	0.26923285458424845	0.23905747113899933	0.3694222699104374	0.2435453729912905	13771.754342623448	0.4481617527161843	0.332652522509246	0.9680952332694823			yes	ont_drna_competing_risks	False	39.01555438780872	0.119562928	0.97153551
A	H211-drna	auto-old	demote	ont-drna	illumina	ok	2.09	0.482	0	251488	9afd4f42be9df8c89b27ea474c1e604c	803	252291	115955	0.2793439977516641	0.24750933435966885	0.38783247596764464	0.2662834379816863	13807.465721365632	0.4476403236357868	0.3499600810118944	0.9621198205940509			yes	ont_drna_competing_risks	True	39.01555438780872	0.249685033	0.97235183
A	H211-drna	logistic	demote	ont-drna	illumina	ok	1.82	0.455	0	251488	9afd4f42be9df8c89b27ea474c1e604c	803	252291	115955	0.26857452140023047	0.2385424420778027	0.36805963880987275	0.24163473727593907	13768.976517411555	0.4481430833955579	0.32946215220148306	0.9685726701116988			yes		False		0.013399953	0.939629262
A	H211-drna	none	demote	ont-drna	illumina	ok	1.89	0.45	0	251488	9afd4f42be9df8c89b27ea474c1e604c	803	252291	115955	0.27452872081848856	0.24334101762301386	0.3791429040973692	0.26091088347192537	13797.574522911596	0.447572331457559	0.3427090670707667	0.962678557891181			yes		False		4.977e-06	1.026710513
A	H211-drna	logistic	main	ont-drna	illumina	ok	1.86	0.464	0	251488	9afd4f42be9df8c89b27ea474c1e604c	803	252291	115955	0.26932284881273344	0.23923673373401588	0.36899161100163774	0.24249043556823563	13757.577132457052	0.4480873945961792	0.3309743094041268	0.9683981839225055			yes					
A	H211-pb	+calib	demote	pac-bio	illumina	ok	2.56	0.456	0	251488	9afd4f42be9df8c89b27ea474c1e604c	803	252291	115955	0.30835023814302914	0.27354766427204535	0.4133945979968142	0.3136787180374746	4781.608399117947	0.4450943936092973	0.3742059556061578	0.9578749085707337			yes	pacbio_guarded_physical_endpoint	False		0.64127586	1.018625488
A	H211-pb	+censor	demote	pac-bio	illumina	ok	2.52	0.464	0	251488	9afd4f42be9df8c89b27ea474c1e604c	803	252291	115955	0.3085793734234475	0.2737500998242812	0.41365522837780094	0.31444668172823376	4777.350237855998	0.4451312201434037	0.3746898602958439	0.9578466756179198			yes	pacbio_guarded_physical_endpoint	False	72.01173966771934	0.646936433	0.987187755
A	H211-pb	+prune	demote	pac-bio	illumina	ok	2.63	0.464	0	251488	9afd4f42be9df8c89b27ea474c1e604c	803	252291	115955	0.30974677958648095	0.27482283597239016	0.4154464739038484	0.3177159182608241	4749.594351349228	0.44495451793563784	0.37733767613996694	0.9570345797303861			yes	pacbio_guarded_physical_endpoint	False		0.645513592	1.067020744
A	H211-pb	+rank	demote	pac-bio	illumina	ok	2.65	0.453	0	251488	9afd4f42be9df8c89b27ea474c1e604c	803	252291	115955	0.31097316897686555	0.2757147143356242	0.41650754293964554	0.317667080320503	4787.383109551199	0.44495903567647144	0.37855825725336145	0.9568232462749459			yes	pacbio_guarded_physical_endpoint	True		0.638111732	1.087117384
A	H211-pb	adaptive-bare	demote	pac-bio	illumina	ok	2.67	0.453	0	251488	9afd4f42be9df8c89b27ea474c1e604c	803	252291	115955	0.3081624917816703	0.2733816321600155	0.4131557262584286	0.31335271929177433	4781.490363112948	0.4451194888758497	0.37386807975199016	0.9579717807574598			yes	pacbio_guarded_physical_endpoint	False		0.645241159	1.105951662
A	H211-pb	auto-new	demote	pac-bio	illumina	ok	2.52	0.451	0	251488	9afd4f42be9df8c89b27ea474c1e604c	803	252291	115955	0.30875601291425175	0.27390741936839	0.41396362016969235	0.3148502918875236	4777.180702044807	0.445099900958903	0.3749643405439557	0.9577363970263838			yes	pacbio_guarded_physical_endpoint	False	72.01173966771934	0.644694018	0.990939661
A	H211-pb	auto-old	demote	pac-bio	illumina	ok	2.52	0.462	0	251488	9afd4f42be9df8c89b27ea474c1e604c	803	252291	115955	0.3139145457922498	0.2782351166454601	0.42038717716418716	0.3241875990119635	4766.597278623457	0.44466816581932683	0.3838578195740644	0.9553919680501698			yes	pacbio_guarded_physical_endpoint	True	72.01173966771934	0.658721395	0.961837802
A	H211-pb	logistic	demote	pac-bio	illumina	ok	1.95	0.479	0	251488	9afd4f42be9df8c89b27ea474c1e604c	803	252291	115955	0.3063959933386387	0.27196231114838404	0.40947559525800764	0.3089059670131362	4780.065848485694	0.4453772138471971	0.3698053808938042	0.9594023999942122			yes		False		0.017097867	1.034532672
A	H211-pb	none	demote	pac-bio	illumina	ok	1.98	0.45	0	251488	9afd4f42be9df8c89b27ea474c1e604c	803	252291	115955	0.3121170248898188	0.27641673123280325	0.42045615506669126	0.32661860792195424	4821.901377269213	0.444585637071003	0.38420292247633936	0.9527080984790228			yes		False		5.067e-06	1.104465434
A	H211-pb	logistic	main	pac-bio	illumina	ok	1.57	0.459	0	251488	9afd4f42be9df8c89b27ea474c1e604c	803	252291	115955	0.3074557859924026	0.2728913552532516	0.4106299799630097	0.3099818891969458	4775.852787993707	0.44537609917923016	0.37142085163608335	0.9592889097124079			yes					
A	H2228-cdna	+calib	demote	ont-cdna	illumina	ok	1.92	0.459	0	251488	9afd4f42be9df8c89b27ea474c1e604c	803	252291	114134	0.2303447615824948	0.20478720286915875	0.32012130277046313	0.20142092221979624	8418.628349079117	0.4460810086426084	0.2796666217558864	0.978520571852527			yes	cross_fitted_adaptive_endpoint	False		0.036485578	0.973369816
A	H2228-cdna	+censor	demote	ont-cdna	illumina	ok	1.91	0.482	0	251488	9afd4f42be9df8c89b27ea474c1e604c	803	252291	114134	0.2319363795755768	0.20620938217935955	0.32329967741964444	0.20376005590554933	8390.87897883863	0.4459262650102925	0.2823735726170842	0.9783750706095985			yes	cross_fitted_adaptive_endpoint	False	44.63395973154363	0.044437331	0.962227287
A	H2228-cdna	+prune	demote	ont-cdna	illumina	ok	1.87	0.454	0	251488	9afd4f42be9df8c89b27ea474c1e604c	803	252291	114134	0.23110014538966953	0.20547530491749602	0.3213704988432953	0.2030514263209875	8385.747669231974	0.4460336422778432	0.28051859604748913	0.9783222243331497			yes	cross_fitted_adaptive_endpoint	False		0.040100745	0.932065299
A	H2228-cdna	+rank	demote	ont-cdna	illumina	ok	2.01	0.472	0	251488	9afd4f42be9df8c89b27ea474c1e604c	803	252291	114134	0.24372329523491287	0.215999321641926	0.34706996724462613	0.23141327127392716	8404.455678354547	0.44636319293826837	0.30763401091685555	0.9707329290419502			yes	cross_fitted_adaptive_endpoint	True		0.191450537	0.92577172
A	H2228-cdna	adaptive-bare	demote	ont-cdna	illumina	ok	1.89	0.455	0	251488	9afd4f42be9df8c89b27ea474c1e604c	803	252291	114134	0.2300196027481732	0.20450114997966198	0.31966726185044375	0.20099799624547707	8421.149408617543	0.44610236814305904	0.27921611582265343	0.9785756160105132			yes	cross_fitted_adaptive_endpoint	False		0.034699088	0.947891971
A	H2228-cdna	auto-new	demote	ont-cdna	illumina	ok	1.92	0.454	0	251488	9afd4f42be9df8c89b27ea474c1e604c	803	252291	114134	0.23219901949242758	0.20643859253985275	0.3235795659922407	0.20406629773640847	8388.159005562178	0.4459077007200022	0.2826804507666646	0.9783268141011571			yes	cross_fitted_adaptive_endpoint	False	44.63395973154363	0.044185796	0.961190977
A	H2228-cdna	auto-old	demote	ont-cdna	illumina	ok	2.07	0.467	0	251488	9afd4f42be9df8c89b27ea474c1e604c	803	252291	114134	0.24860839176852642	0.2202987834119285	0.3540294367052881	0.23955270593175884	8311.200271698868	0.4459368509978981	0.31363911907214137	0.969341712411781			yes	cross_fitted_adaptive_endpoint	True	44.63395973154363	0.204857222	0.965887035
A	H2228-cdna	logistic	demote	ont-cdna	illumina	ok	1.86	0.483	0	251488	9afd4f42be9df8c89b27ea474c1e604c	803	252291	114134	0.23009713447106106	0.20459567335456752	0.31925063580162094	0.20198690437682115	8365.985345092147	0.4460366365970649	0.2787730057878037	0.9785424156963928			yes		False		0.014459857	0.921577751
A	H2228-cdna	none	demote	ont-cdna	illumina	ok	1.76	0.453	0	251488	9afd4f42be9df8c89b27ea474c1e604c	803	252291	114134	0.24164972344565197	0.2142283185517668	0.3424977761416642	0.23362169145407144	8464.877709152592	0.44572542284240235	0.3045415593380831	0.9696922048453762			yes		False		5.097e-06	0.875412941
A	H2228-cdna	logistic	main	ont-cdna	illumina	ok	1.98	0.465	0	251488	9afd4f42be9df8c89b27ea474c1e604c	803	252291	114134	0.23188584403788698	0.20621402697035704	0.32189869967020984	0.204194943035554	8373.322786205215	0.4458466411988708	0.2826136168409887	0.9780220111984752			yes					
A	H2228-drna	+calib	demote	ont-drna	illumina	ok	2.02	0.456	0	251488	9afd4f42be9df8c89b27ea474c1e604c	803	252291	114134	0.2940220836963965	0.2616253457563075	0.41652837345625565	0.3005997844507002	5471.515339727134	0.43877387452913613	0.3706339319318017	0.9624150873972437			yes	ont_drna_competing_risks	False		0.078373381	1.039430012
A	H2228-drna	+censor	demote	ont-drna	illumina	ok	1.98	0.473	0	251488	9afd4f42be9df8c89b27ea474c1e604c	803	252291	114134	0.29444975429912557	0.2619943531740933	0.4173589241469769	0.30171413037943984	5469.681471845803	0.4387013443622778	0.3714577802161247	0.9621956660022923			yes	ont_drna_competing_risks	False	63.82568053415511	0.084252513	0.986201217
A	H2228-drna	+prune	demote	ont-drna	illumina	ok	1.95	0.479	0	251488	9afd4f42be9df8c89b27ea474c1e604c	803	252291	114134	0.2943682989668493	0.26196838033745523	0.41725916278181746	0.3015565794354773	5457.64953927917	0.4387420916965749	0.3714072659280469	0.9622936122054884			yes	ont_drna_competing_risks	False		0.083093193	0.970325489
A	H2228-drna	+rank	demote	ont-drna	illumina	ok	2.1	0.468	0	251488	9afd4f42be9df8c89b27ea474c1e604c	803	252291	114134	0.30103123352337774	0.2674297383499206	0.42983404420797217	0.31972941639013536	5477.604537456779	0.4382453162972257	0.38366820009799224	0.9563868164443728			yes	ont_drna_competing_risks	True		0.206611114	0.986506906
A	H2228-drna	adaptive-bare	demote	ont-drna	illumina	ok	2.08	0.482	0	251488	9afd4f42be9df8c89b27ea474c1e604c	803	252291	114134	0.2938520556298757	0.26148028193566547	0.4163519749896068	0.3003279740772677	5471.852114447155	0.43878371307770825	0.370329230507795	0.9624708813401435			yes	ont_drna_competing_risks	False		0.078411353	1.074324827
A	H2228-drna	auto-new	demote	ont-drna	illumina	ok	2.0	0.461	0	251488	9afd4f42be9df8c89b27ea474c1e604c	803	252291	114134	0.2946981819976395	0.26220816932367946	0.4176559766616934	0.30206424810705895	5469.370357949346	0.4386777329338516	0.3718507913787535	0.9621178508153443			yes	ont_drna_competing_risks	False	63.82568053415511	0.084318033	0.992700829
A	H2228-drna	auto-old	demote	ont-drna	illumina	ok	2.1	0.465	0	251488	9afd4f42be9df8c89b27ea474c1e604c	803	252291	114134	0.3033995463384329	0.2694925115900018	0.43323249020744287	0.3246343462366163	5411.63607106173	0.43799738239920927	0.38742561219662347	0.9553808830903633			yes	ont_drna_competing_risks	True	63.82568053415511	0.226328559	0.977350181
A	H2228-drna	logistic	demote	ont-drna	illumina	ok	1.94	0.484	0	251488	9afd4f42be9df8c89b27ea474c1e604c	803	252291	114134	0.2954959566779285	0.2629836070694472	0.41806810620632523	0.3022970020125687	5455.51920197222	0.43850383230166223	0.37167747212957747	0.9621242972226656			yes		False		0.016172585	0.999373117
A	H2228-drna	none	demote	ont-drna	illumina	ok	1.92	0.45	0	251488	9afd4f42be9df8c89b27ea474c1e604c	803	252291	114134	0.2994688265792628	0.26608704490089347	0.42458098876247535	0.31899407968789295	5486.992945677961	0.43806417537154657	0.380789692857803	0.9562467399893256			yes		False		4.096e-06	1.043775129
A	H2228-drna	logistic	main	ont-drna	illumina	ok	1.53	0.47	0	251488	9afd4f42be9df8c89b27ea474c1e604c	803	252291	114134	0.29601814560551554	0.2634692191432637	0.4189062631589408	0.30337542708758186	5440.281319389434	0.4384876820346817	0.3728506394870772	0.9618836516694688			yes					
A	H2228-pb	+calib	demote	pac-bio	illumina	ok	2.95	0.454	0	251488	9afd4f42be9df8c89b27ea474c1e604c	803	252291	114134	0.31011557073061774	0.2756877040343216	0.42868622942872625	0.3230007219474037	4540.429118286471	0.43775726299641815	0.3810736864960331	0.958938903900628			yes	pacbio_guarded_physical_endpoint	False		0.762725078	1.136056801
A	H2228-pb	+censor	demote	pac-bio	illumina	ok	2.81	0.454	0	251488	9afd4f42be9df8c89b27ea474c1e604c	803	252291	114134	0.3098968707871542	0.2754939735452183	0.4287025249931359	0.32348612781854097	4507.651752821407	0.4377471137911432	0.38118889921028887	0.9587698296430384			yes	pacbio_guarded_physical_endpoint	False	51.90750537278889	0.767763717	1.089530135
A	H2228-pb	+prune	demote	pac-bio	illumina	ok	2.82	0.475	0	251488	9afd4f42be9df8c89b27ea474c1e604c	803	252291	114134	0.3117681798905539	0.2772125518364421	0.431225845478263	0.32722497685894647	4436.024603971272	0.43757542287950435	0.3840126921245542	0.9581935849525615			yes	pacbio_guarded_physical_endpoint	False		0.757090059	1.093151999
A	H2228-pb	+rank	demote	pac-bio	illumina	ok	2.78	0.462	0	251488	9afd4f42be9df8c89b27ea474c1e604c	803	252291	114134	0.31199273997944704	0.27723396385271815	0.4308898196061144	0.32600197800233877	4546.293087180558	0.4376736962521523	0.3842806594462707	0.9581983695392543			yes	pacbio_guarded_physical_endpoint	True		0.770935383	1.050662239
A	H2228-pb	adaptive-bare	demote	pac-bio	illumina	ok	2.89	0.481	0	251488	9afd4f42be9df8c89b27ea474c1e604c	803	252291	114134	0.3097313910526214	0.2753482522240023	0.42819396198638204	0.32249558542026446	4541.813456379648	0.437792631484337	0.3805622793754267	0.9590170948289135			yes	pacbio_guarded_physical_endpoint	False		0.755055683	1.1635310620000001
A	H2228-pb	auto-new	demote	pac-bio	illumina	ok	2.89	0.462	0	251488	9afd4f42be9df8c89b27ea474c1e604c	803	252291	114134	0.3102642871293598	0.2758196558402741	0.4292059562258723	0.32396475334709135	4506.057734897192	0.43771402395871817	0.3816221577696978	0.9587055210986115			yes	pacbio_guarded_physical_endpoint	False	51.90750537278889	0.762950567	1.083871788
A	H2228-pb	auto-old	demote	pac-bio	illumina	ok	2.88	0.454	0	251488	9afd4f42be9df8c89b27ea474c1e604c	803	252291	114134	0.31448756891081625	0.2793740366537684	0.43461287160151535	0.3320915695002006	4437.42458681603	0.4374320157668838	0.38887640517603594	0.9570327125429583			yes	pacbio_guarded_physical_endpoint	True	51.90750537278889	0.767976579	1.121057204
A	H2228-pb	logistic	demote	pac-bio	illumina	ok	2.02	0.458	0	251488	9afd4f42be9df8c89b27ea474c1e604c	803	252291	114134	0.3076630816435567	0.2736068407438331	0.42403511244880837	0.3176158130183681	4563.986345891073	0.4380651719624259	0.37699350243794	0.9602513440002637			yes		False		0.018649561	1.048868844
A	H2228-pb	none	demote	pac-bio	illumina	ok	1.99	0.453	0	251488	9afd4f42be9df8c89b27ea474c1e604c	803	252291	114134	0.31302573458495675	0.27789294774996054	0.43366188284822366	0.3332557799357919	4825.415243903532	0.4374647230429234	0.3897866066524745	0.9549801817965292			yes		False		4.947e-06	1.059365285
A	H2228-pb	logistic	main	pac-bio	illumina	ok	1.75	0.47	0	251488	9afd4f42be9df8c89b27ea474c1e604c	803	252291	114134	0.3078336794587554	0.27378846758808606	0.4244253433161901	0.31812802360435644	4545.996232552271	0.43807815586514287	0.37750051517637756	0.9601382132472455			yes					
A	H526-cdna	+calib	demote	ont-cdna	illumina	ok	1.94	0.465	0	251488	9afd4f42be9df8c89b27ea474c1e604c	803	252291	116107	0.2257054091711015	0.2003012467287037	0.3057134785093949	0.1882647836625194	5452.273230006683	0.45407085133827363	0.263826583757847	0.9794703478628557			yes	cross_fitted_adaptive_endpoint	False		0.036440282	0.991658867
A	H526-cdna	+censor	demote	ont-cdna	illumina	ok	1.9	0.468	0	251488	9afd4f42be9df8c89b27ea474c1e604c	803	252291	116107	0.22650789842278296	0.2010298553800416	0.3065318621350503	0.18887128890738278	5445.042374415319	0.4539738762496536	0.2649889853727352	0.9794447468816182			yes	cross_fitted_adaptive_endpoint	False	48.01902896320134	0.04384022	0.941898939
A	H526-cdna	+prune	demote	ont-cdna	illumina	ok	1.88	0.472	0	251488	9afd4f42be9df8c89b27ea474c1e604c	803	252291	116107	0.22613104275773682	0.20070121609031344	0.30638279116177725	0.18922503609943134	5447.887389968889	0.4540483722069341	0.2645261877822252	0.9793549523558519			yes	cross_fitted_adaptive_endpoint	False		0.03944887	0.936461822
A	H526-cdna	+rank	demote	ont-cdna	illumina	ok	2.05	0.465	0	251488	9afd4f42be9df8c89b27ea474c1e604c	803	252291	116107	0.23339211070045943	0.20652736869929067	0.32509049904839715	0.20879080069038078	5456.150025281384	0.4546457930642704	0.2849054466379908	0.9742300623510584			yes	cross_fitted_adaptive_endpoint	True		0.202991771	0.943219949
A	H526-cdna	adaptive-bare	demote	ont-cdna	illumina	ok	1.89	0.456	0	251488	9afd4f42be9df8c89b27ea474c1e604c	803	252291	116107	0.22543797898740048	0.20006785966548388	0.30536433174127586	0.18793577064127476	5454.117802194924	0.4540852919828418	0.26349188864593265	0.9795104661088199			yes	cross_fitted_adaptive_endpoint	False		0.035037418	0.924534347
A	H526-cdna	auto-new	demote	ont-cdna	illumina	ok	2.15	0.464	0	251488	9afd4f42be9df8c89b27ea474c1e604c	803	252291	116107	0.22666854362491634	0.20116639441329823	0.3068511782065186	0.18919666172131852	5443.221831109883	0.4539632312956782	0.26536903902129616	0.9793955300153488			yes	cross_fitted_adaptive_endpoint	False	48.01902896320134	0.045133433	1.14195811
A	H526-cdna	auto-old	demote	ont-cdna	illumina	ok	2.13	0.466	0	251488	9afd4f42be9df8c89b27ea474c1e604c	803	252291	116107	0.23646666981878695	0.20921280293863026	0.3291682184682761	0.2136901689370643	5422.599762397494	0.45442607228116466	0.28883859535934997	0.9734006569353636			yes	cross_fitted_adaptive_endpoint	True	48.01902896320134	0.204406943	1.021337537
A	H526-cdna	logistic	demote	ont-cdna	illumina	ok	1.89	0.472	0	251488	9afd4f42be9df8c89b27ea474c1e604c	803	252291	116107	0.22530318708476987	0.19998495148228757	0.30388400016596856	0.18734062161318787	5448.538270276069	0.4539864189077243	0.26147973800260876	0.9796279477593889			yes		False		0.014276008	0.950488889
A	H526-cdna	none	demote	ont-cdna	illumina	ok	1.86	0.45	0	251488	9afd4f42be9df8c89b27ea474c1e604c	803	252291	116107	0.2310979669506532	0.2045320784100286	0.32054831569802933	0.20965870935562336	5495.552068121946	0.45407152815007024	0.28160118757179103	0.9731673034754674			yes		False		4.326e-06	0.976440617
A	H526-cdna	logistic	main	ont-cdna	illumina	ok	1.61	0.462	0	251488	9afd4f42be9df8c89b27ea474c1e604c	803	252291	116107	0.22580865371474934	0.2004399387707078	0.3048581904987434	0.18875705318377659	5435.069241474724	0.4539794951949173	0.26364735942808787	0.9792905568621405			yes					
A	H526-drna	+calib	demote	ont-drna	illumina	ok	2.06	0.456	0	251488	9afd4f42be9df8c89b27ea474c1e604c	803	252291	116107	0.31234889092488805	0.2771047335021146	0.429250570106346	0.3168640178906355	3282.2230304314326	0.4440581145175517	0.3850028617652694	0.9563284851984981			yes	ont_drna_competing_risks	False		0.097459441	1.006703013
A	H526-drna	+censor	demote	ont-drna	illumina	ok	2.02	0.464	0	251488	9afd4f42be9df8c89b27ea474c1e604c	803	252291	116107	0.31349965138362346	0.27813746527726535	0.43040886895360225	0.31809200581913155	3280.785964730428	0.4438806334120053	0.385645615182046	0.9561278698061382			yes	ont_drna_competing_risks	False	72.37230486378071	0.104784785	0.967914628
A	H526-drna	+prune	demote	ont-drna	illumina	ok	2.11	0.461	0	251488	9afd4f42be9df8c89b27ea474c1e604c	803	252291	116107	0.31329799097080085	0.2779959382583757	0.43110857579729334	0.319163130120264	3262.672810757878	0.4439178283010766	0.38642218516077487	0.955921712232582			yes	ont_drna_competing_risks	False		0.100902262	1.04730231
A	H526-drna	+rank	demote	ont-drna	illumina	ok	2.19	0.476	0	251488	9afd4f42be9df8c89b27ea474c1e604c	803	252291	116107	0.32114515451939624	0.2842641191136684	0.4447811818114634	0.3374842025975221	3288.714212317731	0.4437660090735848	0.4032186318625355	0.950237680493996			yes	ont_drna_competing_risks	True		0.236007199	1.016407679
A	H526-drna	adaptive-bare	demote	ont-drna	illumina	ok	2.05	0.485	0	251488	9afd4f42be9df8c89b27ea474c1e604c	803	252291	116107	0.31209814831824007	0.2768855744134624	0.4288642322917072	0.31642138353940097	3282.5055668493656	0.44409079611676633	0.38450536372302646	0.9564421980955807			yes	ont_drna_competing_risks	False		0.096273224	1.03138849
A	H526-drna	auto-new	demote	ont-drna	illumina	ok	2.11	0.46	0	251488	9afd4f42be9df8c89b27ea474c1e604c	803	252291	116107	0.31388708854963615	0.27847460647970257	0.430772507720638	0.3185519430006913	3280.494279937514	0.4438375988562678	0.38633809116273965	0.9559932245984911			yes	ont_drna_competing_risks	False	72.37230486378071	0.105552838	1.053649734
A	H526-drna	auto-old	demote	ont-drna	illumina	ok	2.29	0.458	0	251488	9afd4f42be9df8c89b27ea474c1e604c	803	252291	116107	0.3242050489263233	0.2869108236299648	0.4495671883786453	0.34379109480544734	3268.3900910363227	0.4434284847817325	0.4080913622126348	0.9489516143766886			yes	ont_drna_competing_risks	True	72.37230486378071	0.249001256	1.068992661
A	H526-drna	logistic	demote	ont-drna	illumina	ok	1.94	0.454	0	251488	9afd4f42be9df8c89b27ea474c1e604c	803	252291	116107	0.3138985536541385	0.278560436469071	0.42961855886602496	0.3169248931923352	3280.829013949318	0.44377982993330245	0.38432128021992557	0.9565458757660658			yes		False		0.01680398	0.993885428
A	H526-drna	none	demote	ont-drna	illumina	ok	2.02	0.45	0	251488	9afd4f42be9df8c89b27ea474c1e604c	803	252291	116107	0.31789264975699133	0.2814394872102955	0.4381639049281703	0.3351896251353695	3341.9084160807574	0.44336299010410274	0.39864445517410435	0.9496000962775618			yes		False		4.716e-06	1.076010633
A	H526-drna	logistic	main	ont-drna	illumina	ok	1.72	0.479	0	251488	9afd4f42be9df8c89b27ea474c1e604c	803	252291	116107	0.3147531983250294	0.2793388154554758	0.43115221642927753	0.3182125863782993	3274.395213575617	0.4437486234016257	0.3858468606009011	0.9563851678286269			yes					
A	H526-pb	+calib	demote	pac-bio	illumina	ok	2.84	0.475	0	251488	9afd4f42be9df8c89b27ea474c1e604c	803	252291	116107	0.30996426683404044	0.27488030605196256	0.41976890144185236	0.3166220467915895	3003.585548523943	0.4452167260006831	0.3776442260572554	0.9576567374194972			yes	pacbio_guarded_physical_endpoint	False		0.739151001	1.12601064
A	H526-pb	+censor	demote	pac-bio	illumina	ok	2.82	0.462	0	251488	9afd4f42be9df8c89b27ea474c1e604c	803	252291	116107	0.30959585727423045	0.27456203054861944	0.41949771855414836	0.31687422606425386	3009.4987506183525	0.4452320053750907	0.3773907662152793	0.9575230551755946			yes	pacbio_guarded_physical_endpoint	False	65.97626293365795	0.749371185	1.100588558
A	H526-pb	+prune	demote	pac-bio	illumina	ok	2.77	0.459	0	251488	9afd4f42be9df8c89b27ea474c1e604c	803	252291	116107	0.31082213784301094	0.2756844868012837	0.42122593148691795	0.31990403389751154	2961.3073010337575	0.44518909243452537	0.3801230345150954	0.9570752227918772			yes	pacbio_guarded_physical_endpoint	False		0.739119218	1.06555763
A	H526-pb	+rank	demote	pac-bio	illumina	ok	2.69	0.459	0	251488	9afd4f42be9df8c89b27ea474c1e604c	803	252291	116107	0.31181298543019426	0.27636961704525753	0.42252679819197186	0.3201261810634598	3006.4381492518773	0.44516436270035825	0.3815929071200382	0.9567871477128508			yes	pacbio_guarded_physical_endpoint	True		0.735956322	1.008077773
A	H526-pb	adaptive-bare	demote	pac-bio	illumina	ok	2.71	0.486	0	251488	9afd4f42be9df8c89b27ea474c1e604c	803	252291	116107	0.30978912927876706	0.2747303942892112	0.41958037582915214	0.316419704629249	3003.8058180543835	0.44522780819444613	0.37742857485159775	0.957681641129281			yes	pacbio_guarded_physical_endpoint	False		0.736456676	1.043014661
A	H526-pb	auto-new	demote	pac-bio	illumina	ok	2.8	0.472	0	251488	9afd4f42be9df8c89b27ea474c1e604c	803	252291	116107	0.3098776399065709	0.27480828895054	0.4197824774446802	0.3171614048805309	3009.174024980952	0.4451994157697631	0.3776113740950302	0.9574772417034283			yes	pacbio_guarded_physical_endpoint	False	65.97626293365795	0.74936766	1.085668045
A	H526-pb	auto-old	demote	pac-bio	illumina	ok	2.68	0.474	0	251488	9afd4f42be9df8c89b27ea474c1e604c	803	252291	116107	0.31314197402504473	0.2774754147532708	0.4242888798201424	0.3242844986146694	2970.9254358823023	0.44508800276829125	0.3845811086491448	0.955908248767515			yes	pacbio_guarded_physical_endpoint	True	65.97626293365795	0.742199731	1.014064166
A	H526-pb	logistic	demote	pac-bio	illumina	ok	1.94	0.466	0	251488	9afd4f42be9df8c89b27ea474c1e604c	803	252291	116107	0.3067898383962604	0.2721582898303396	0.4153133222351762	0.3118403766301869	3002.590017910462	0.44558980921066443	0.3730750991689555	0.958877715692324			yes		False		0.018662549	0.975032618
A	H526-pb	none	demote	pac-bio	illumina	ok	2.05	0.461	0	251488	9afd4f42be9df8c89b27ea474c1e604c	803	252291	116107	0.31137673947148015	0.27577348153034237	0.4238947352391261	0.3250151312803606	3447.985069455201	0.4451457808625578	0.38469000357653876	0.9544257863530604			yes		False		4.186e-06	1.102886434
A	H526-pb	logistic	main	pac-bio	illumina	ok	1.93	0.468	0	251488	9afd4f42be9df8c89b27ea474c1e604c	803	252291	116107	0.30698068642962967	0.2723391170775081	0.4152460594687675	0.31200808003315245	2993.533789434639	0.4456481249463868	0.3735882809901556	0.958902250773203			yes					
A	H526-pb-250k	+calib	demote	pac-bio	illumina	ok	5.45	0.457	0	251488	9afd4f42be9df8c89b27ea474c1e604c	803	252291	116107	0.4158470075569527	0.3676835792734983	0.5349052959701164	0.46401343235678505	4399.798698255409	0.426997173972379	0.48450044921276375	0.9048871349163099			yes	pacbio_guarded_physical_endpoint	False		2.12286439	1.556674071
A	H526-pb-250k	+censor	demote	pac-bio	illumina	ok	5.53	0.457	0	251488	9afd4f42be9df8c89b27ea474c1e604c	803	252291	116107	0.41608433883812423	0.3678817846056476	0.5352053950438631	0.46502163958816467	4375.12256564467	0.42702089339420096	0.4853372497271298	0.9045231088702208			yes	pacbio_guarded_physical_endpoint	False	65.88526762902401	2.162192261	1.582215777
A	H526-pb-250k	+prune	demote	pac-bio	illumina	ok	5.5	0.457	0	251488	9afd4f42be9df8c89b27ea474c1e604c	803	252291	116107	0.42008235299043173	0.37137158041988333	0.5401261901811547	0.47251952821006504	4302.036879243595	0.42660755984954873	0.49221968881702227	0.9023336544388558			yes	pacbio_guarded_physical_endpoint	False		2.184830005	1.535696534
A	H526-pb-250k	+rank	demote	pac-bio	illumina	ok	5.55	0.448	0	251488	9afd4f42be9df8c89b27ea474c1e604c	803	252291	116107	0.41730595501695616	0.3687310402262918	0.5371423661564916	0.46688633831808074	4405.357942349116	0.42708457809632744	0.4878728470870788	0.9039181800534433			yes	pacbio_guarded_physical_endpoint	True		2.180652856	1.591512345
A	H526-pb-250k	adaptive-bare	demote	pac-bio	illumina	ok	5.46	0.447	0	251488	9afd4f42be9df8c89b27ea474c1e604c	803	252291	116107	0.4154575055144505	0.3673555606432533	0.5344751713529946	0.4634739202026136	4402.253970383247	0.4270601428781046	0.48421791889733073	0.9050717544799199			yes	pacbio_guarded_physical_endpoint	False		2.095592319	1.592066497
A	H526-pb-250k	auto-new	demote	pac-bio	illumina	ok	5.8	0.449	0	251488	9afd4f42be9df8c89b27ea474c1e604c	803	252291	116107	0.416682430464701	0.3683837136032525	0.535790143659319	0.4656918113143128	4373.265507156238	0.4269537482237176	0.48591752977331115	0.9043837880215262			yes	pacbio_guarded_physical_endpoint	False	65.88526762902401	2.2173502210000002	1.676534118
A	H526-pb-250k	auto-old	demote	pac-bio	illumina	ok	5.56	0.449	0	251488	9afd4f42be9df8c89b27ea474c1e604c	803	252291	116107	0.42267324904355547	0.37308941401760454	0.5435243705993611	0.4778102111287582	4298.986029235833	0.42666233166507095	0.4968476351852108	0.9001765543826861			yes	pacbio_guarded_physical_endpoint	True	65.88526762902401	2.183684524	1.595449034
A	H526-pb-250k	logistic	demote	pac-bio	illumina	ok	3.42	0.447	0	251488	9afd4f42be9df8c89b27ea474c1e604c	803	252291	116107	0.41387022281336	0.36612564167571465	0.5320410360315286	0.46042694369422865	4506.20428793177	0.42724049586555835	0.4811227998768227	0.9064139488392757			yes		False		0.065058414	1.574975375
A	H526-pb-250k	none	demote	pac-bio	illumina	ok	3.31	0.457	0	251488	9afd4f42be9df8c89b27ea474c1e604c	803	252291	116107	0.4130580570475048	0.3647937363493689	0.5323149040598493	0.4630055759895153	4880.695392627293	0.42777049227404473	0.48380502159193634	0.9034845161843245			yes		False		6.559e-06	1.59036778
A	H526-pb-250k	logistic	main	pac-bio	illumina	ok	5.42	0.447	0	251488	9afd4f42be9df8c89b27ea474c1e604c	803	252291	116107	0.41435588428908404	0.36656315102768317	0.5322665064741917	0.46073303713086605	4483.782567225344	0.4272522665163073	0.48217508381439156	0.9062906381915907			yes					
A	H69-cdna	+calib	demote	ont-cdna	illumina	ok	1.79	0.463	0	251488	9afd4f42be9df8c89b27ea474c1e604c	803	252291	118405	0.22336787174797607	0.19777857510395352	0.2954750226118335	0.1788667284526925	6959.388871634192	0.4633115385484699	0.2559446316986491	0.9802454638591208			yes	cross_fitted_adaptive_endpoint	False		0.035537696	0.861283337
A	H69-cdna	+censor	demote	ont-cdna	illumina	ok	1.92	0.459	0	251488	9afd4f42be9df8c89b27ea474c1e604c	803	252291	118405	0.2232460285200065	0.1976959712133456	0.295364900005512	0.17872796093337004	6950.607631652459	0.46330878971527345	0.2566359393614327	0.9803204015576725			yes	cross_fitted_adaptive_endpoint	False	50.420357844206855	0.041487475	0.980741231
A	H69-cdna	+prune	demote	ont-cdna	illumina	ok	1.88	0.458	0	251488	9afd4f42be9df8c89b27ea474c1e604c	803	252291	118405	0.22400399417021097	0.1983663829177452	0.29624316633632797	0.1799065895630995	6951.787474311009	0.46328724097713286	0.2568104191161695	0.9801286449685276			yes	cross_fitted_adaptive_endpoint	False		0.037367606	0.965692363
A	H69-cdna	+rank	demote	ont-cdna	illumina	ok	2.02	0.469	0	251488	9afd4f42be9df8c89b27ea474c1e604c	803	252291	118405	0.2374417304351167	0.20968220381726668	0.3166766321889088	0.2005900526068572	6978.2317889523265	0.46304118392604987	0.2794094991822929	0.9745119845613541			yes	cross_fitted_adaptive_endpoint	True		0.179747394	0.951554625
A	H69-cdna	adaptive-bare	demote	ont-cdna	illumina	ok	1.83	0.476	0	251488	9afd4f42be9df8c89b27ea474c1e604c	803	252291	118405	0.22303189876312918	0.19748496720373926	0.2949171480981755	0.17842779963998323	6959.534519029498	0.46334028492311097	0.25552056085942515	0.9803074159624486			yes	cross_fitted_adaptive_endpoint	False		0.033665979	0.908743023
A	H69-cdna	auto-new	demote	ont-cdna	illumina	ok	1.9	0.464	0	251488	9afd4f42be9df8c89b27ea474c1e604c	803	252291	118405	0.2236405043597417	0.19804251076755458	0.29590888612081995	0.17914891861161722	6950.504372487843	0.4632818991329601	0.2570799474936428	0.9802710215513951			yes	cross_fitted_adaptive_endpoint	False	50.420357844206855	0.042815898	0.975270729
A	H69-cdna	auto-old	demote	ont-cdna	illumina	ok	2.0	0.464	0	251488	9afd4f42be9df8c89b27ea474c1e604c	803	252291	118405	0.24026250727314613	0.21214828327729104	0.32039178573604843	0.20496690292363626	6963.380663694344	0.46281331830817746	0.28262199397874477	0.9737220952865815			yes	cross_fitted_adaptive_endpoint	True	50.420357844206855	0.192857123	0.921546171
A	H69-cdna	logistic	demote	ont-cdna	illumina	ok	1.81	0.46	0	251488	9afd4f42be9df8c89b27ea474c1e604c	803	252291	118405	0.2220078103476272	0.19661695931299467	0.2932647466611381	0.1775251145844398	6963.7813304382325	0.46337430991663375	0.2541026521154527	0.9804812300685979			yes		False		0.013449555	0.908376471
A	H69-cdna	none	demote	ont-cdna	illumina	ok	1.84	0.45	0	251488	9afd4f42be9df8c89b27ea474c1e604c	803	252291	118405	0.23522019008381512	0.20776060066639887	0.31319119861914885	0.20214587648070054	7031.5751374032425	0.4623204430936743	0.2763010587498937	0.9731715729865967			yes		False		4.556e-06	0.980168045
A	H69-cdna	logistic	main	ont-cdna	illumina	ok	1.87	0.451	0	251488	9afd4f42be9df8c89b27ea474c1e604c	803	252291	118405	0.22248793322603339	0.1970710040103777	0.29358665971729964	0.177791865566555	6959.198523373341	0.463351713825578	0.25452342289469154	0.9804666298409837			yes					
A	H69-drna	+calib	demote	ont-drna	illumina	ok	2.02	0.485	0	251488	9afd4f42be9df8c89b27ea474c1e604c	803	252291	118405	0.2963074317211034	0.26236393800978175	0.3990867939744591	0.2799454346867508	6291.351233611565	0.4549695985540695	0.36006903582225946	0.9618963777634959			yes	ont_drna_competing_risks	False		0.094479658	1.011577033
A	H69-drna	+censor	demote	ont-drna	illumina	ok	2.05	0.483	0	251488	9afd4f42be9df8c89b27ea474c1e604c	803	252291	118405	0.2961393224283495	0.2622130614867566	0.39909709345857847	0.2805506895348717	6294.031706325877	0.45493098867038945	0.35987373129084416	0.9616651781711676			yes	ont_drna_competing_risks	False	57.53152357831237	0.099721827	1.044122694
A	H69-drna	+prune	demote	ont-drna	illumina	ok	1.97	0.457	0	251488	9afd4f42be9df8c89b27ea474c1e604c	803	252291	118405	0.29647200815759855	0.26255807407962495	0.3995547260843989	0.28074032734215565	6284.603505317815	0.45494561190274524	0.36023343423443327	0.9617788293404771			yes	ont_drna_competing_risks	False		0.096366646	0.975446453
A	H69-drna	+rank	demote	ont-drna	illumina	ok	2.11	0.464	0	251488	9afd4f42be9df8c89b27ea474c1e604c	803	252291	118405	0.30668745554289073	0.2709164063206548	0.4164552309288375	0.301746902652096	6310.623807109776	0.4544560959538691	0.3781593319518144	0.9557531450649642			yes	ont_drna_competing_risks	True		0.229764486	0.978210544
A	H69-drna	adaptive-bare	demote	ont-drna	illumina	ok	1.95	0.481	0	251488	9afd4f42be9df8c89b27ea474c1e604c	803	252291	118405	0.29606123047502175	0.26214756923063226	0.3988150986757706	0.2795937727099031	6291.471914759062	0.4550055144587671	0.3597153135243752	0.9619980730989046			yes	ont_drna_competing_risks	False		0.093694392	0.943756251
A	H69-drna	auto-new	demote	ont-drna	illumina	ok	1.98	0.457	0	251488	9afd4f42be9df8c89b27ea474c1e604c	803	252291	118405	0.2963980779186094	0.2624408338392954	0.3993337895879694	0.28086155426765347	6293.984829536602	0.4548914391956219	0.3601779298063625	0.9615728187005765			yes	ont_drna_competing_risks	False	57.53152357831237	0.100813354	0.974167105
A	H69-drna	auto-old	demote	ont-drna	illumina	ok	2.09	0.457	0	251488	9afd4f42be9df8c89b27ea474c1e604c	803	252291	118405	0.3103133640969542	0.273968579407836	0.41952049765463345	0.30640260507162964	6307.368363044047	0.454639351652881	0.3835466202257059	0.954607454865985			yes	ont_drna_competing_risks	True	57.53152357831237	0.236104872	0.945252332
A	H69-drna	logistic	demote	ont-drna	illumina	ok	1.97	0.474	0	251488	9afd4f42be9df8c89b27ea474c1e604c	803	252291	118405	0.2960119405407295	0.2621525631619701	0.3988876545764578	0.28001005224954245	6295.486987112082	0.4548604725513896	0.35857400985716914	0.9619232143591466			yes		False		0.015880118	1.043664193
A	H69-drna	none	demote	ont-drna	illumina	ok	1.94	0.45	0	251488	9afd4f42be9df8c89b27ea474c1e604c	803	252291	118405	0.30448769104132073	0.2690192632227251	0.412051106532793	0.30215106789995866	6333.367434103244	0.4538397560478767	0.37491417604558863	0.9546155495104649			yes		False		5.137e-06	1.068564692
A	H69-drna	logistic	main	ont-drna	illumina	ok	1.97	0.46	0	251488	9afd4f42be9df8c89b27ea474c1e604c	803	252291	118405	0.29616110951800484	0.262350177224668	0.3991324154662803	0.28014804176249736	6290.180676616879	0.4548280912286478	0.3592462694126663	0.9618683888784669			yes					
A	H69-pb	+calib	demote	pac-bio	illumina	ok	2.58	0.466	0	251488	9afd4f42be9df8c89b27ea474c1e604c	803	252291	118405	0.3071367208685313	0.27171994772816194	0.4084038105553111	0.30886478095297937	2883.8803152852897	0.45450601587613965	0.3704632571796334	0.9573716505807662			yes	pacbio_guarded_physical_endpoint	False		0.672212713	1.010194756
A	H69-pb	+censor	demote	pac-bio	illumina	ok	2.63	0.475	0	251488	9afd4f42be9df8c89b27ea474c1e604c	803	252291	118405	0.3073578183675028	0.2719185640427095	0.4082554525520455	0.30936270607467076	2882.050169675967	0.45448582387714553	0.37063098043166093	0.9571532247239479			yes	pacbio_guarded_physical_endpoint	False	85.5305730956758	0.677677687	1.04496547
A	H69-pb	+prune	demote	pac-bio	illumina	ok	2.6	0.451	0	251488	9afd4f42be9df8c89b27ea474c1e604c	803	252291	118405	0.30877971486842276	0.27324328380493607	0.41015990131708885	0.31261529418143735	2797.156336595437	0.4543393722632038	0.37280726253001145	0.9565721644278223			yes	pacbio_guarded_physical_endpoint	False		0.661647474	1.035442972
A	H69-pb	+rank	demote	pac-bio	illumina	ok	2.58	0.454	0	251488	9afd4f42be9df8c89b27ea474c1e604c	803	252291	118405	0.3101952823643535	0.2742362193582337	0.4123286703402844	0.31355076818181266	2886.113594284359	0.45430141597360685	0.37520209365587864	0.9561863114120643			yes	pacbio_guarded_physical_endpoint	True		0.657246839	1.03119062
A	H69-pb	adaptive-bare	demote	pac-bio	illumina	ok	2.61	0.451	0	251488	9afd4f42be9df8c89b27ea474c1e604c	803	252291	118405	0.3070478926234493	0.271653354327503	0.4081922604375978	0.3086200113117395	2884.6179203525526	0.45450050367440054	0.3701943608028089	0.9574041421040947			yes	pacbio_guarded_physical_endpoint	False		0.663310064	1.052662677
A	H69-pb	auto-new	demote	pac-bio	illumina	ok	2.63	0.455	0	251488	9afd4f42be9df8c89b27ea474c1e604c	803	252291	118405	0.307447429877984	0.2719865646999528	0.4085119708649027	0.30964638816448775	2881.3036535416604	0.4544881853863341	0.3709680798300107	0.9571147274702456			yes	pacbio_guarded_physical_endpoint	False	85.5305730956758	0.66901717	1.056024407
A	H69-pb	auto-old	demote	pac-bio	illumina	ok	2.7	0.462	0	251488	9afd4f42be9df8c89b27ea474c1e604c	803	252291	118405	0.3131648839228451	0.2767665227975331	0.4157076682066738	0.31962428417166644	2794.6801601883353	0.45403926580838516	0.3794051354079387	0.9548881165342216			yes	pacbio_guarded_physical_endpoint	True	85.5305730956758	0.672406739	1.094707586
A	H69-pb	logistic	demote	pac-bio	illumina	ok	2.07	0.467	0	251488	9afd4f42be9df8c89b27ea474c1e604c	803	252291	118405	0.30665233252098995	0.2714459579890592	0.40591565531601076	0.3049279582517321	2849.3238241826703	0.454614928204623	0.3665532645653848	0.9589182694048606			yes		False		0.017115452	1.120316626
A	H69-pb	none	demote	pac-bio	illumina	ok	1.91	0.45	0	251488	9afd4f42be9df8c89b27ea474c1e604c	803	252291	118405	0.31474356827647304	0.2779157489261478	0.41978065928833636	0.3254638773884306	3218.7236286255984	0.45353738319903386	0.384295945538062	0.9515587746714406			yes		False		4.346e-06	1.036168277
A	H69-pb	logistic	main	pac-bio	illumina	ok	1.91	0.477	0	251488	9afd4f42be9df8c89b27ea474c1e604c	803	252291	118405	0.30659756159046964	0.271432623550628	0.4057471059517049	0.3050725974700774	2824.991622995189	0.45463734578212894	0.3669011460143405	0.9587883718107038			yes					
A	H69-pb-250k	+calib	demote	pac-bio	illumina	ok	5.09	0.458	0	251488	9afd4f42be9df8c89b27ea474c1e604c	803	252291	118405	0.42658557244322926	0.37648575149983365	0.5351542430657734	0.469947612726125	2820.5543419906517	0.43237122890545676	0.48672545587016197	0.8977343853530196			yes	pacbio_guarded_physical_endpoint	False		1.941725135	1.520133347
A	H69-pb-250k	+censor	demote	pac-bio	illumina	ok	5.43	0.449	0	251488	9afd4f42be9df8c89b27ea474c1e604c	803	252291	118405	0.4280440019137759	0.37769525115440206	0.5364797021674301	0.4722356778713413	2812.2761137490597	0.4321618012138824	0.4887725556022436	0.8966791823721215			yes	pacbio_guarded_physical_endpoint	False	85.76066129715981	2.298765569	1.513807253
A	H69-pb-250k	+prune	demote	pac-bio	illumina	ok	5.24	0.448	0	251488	9afd4f42be9df8c89b27ea474c1e604c	803	252291	118405	0.4327529812055393	0.381801929695815	0.5421189348847459	0.4809321166137094	2721.5820492810367	0.43160991295927625	0.4975779882572571	0.8939851733367554			yes	pacbio_guarded_physical_endpoint	False		2.014819372	1.510523281
A	H69-pb-250k	+rank	demote	pac-bio	illumina	ok	5.25	0.459	0	251488	9afd4f42be9df8c89b27ea474c1e604c	803	252291	118405	0.4289213766274492	0.3782316805902526	0.5381706795105237	0.47366623355804244	2822.1571628116467	0.43232027437317433	0.49081245130897677	0.8964496635646316			yes	pacbio_guarded_physical_endpoint	True		1.9516157060000001	1.6824079950000002
A	H69-pb-250k	adaptive-bare	demote	pac-bio	illumina	ok	5.39	0.449	0	251488	9afd4f42be9df8c89b27ea474c1e604c	803	252291	118405	0.4267777790470102	0.37665704970713804	0.5351195184074079	0.46979084949979305	2821.4083639639457	0.43232642182746955	0.4868539897205943	0.897782830281702			yes	pacbio_guarded_physical_endpoint	False		2.142825676	1.541770463
A	H69-pb-250k	auto-new	demote	pac-bio	illumina	ok	5.15	0.459	0	251488	9afd4f42be9df8c89b27ea474c1e604c	803	252291	118405	0.42812007220746884	0.37776518300773254	0.5366232076973397	0.47251869264071306	2811.506997131046	0.4321482903248465	0.48871419398652993	0.8965650413531633			yes	pacbio_guarded_physical_endpoint	False	85.76066129715981	2.01079197	1.5257223789999999
A	H69-pb-250k	auto-old	demote	pac-bio	illumina	ok	5.46	0.459	0	251488	9afd4f42be9df8c89b27ea474c1e604c	803	252291	118405	0.4360053437203313	0.3839492110669256	0.5461666076295648	0.487163836976065	2725.6535107634386	0.4315116763773754	0.5033597649344402	0.8910445003985692			yes	pacbio_guarded_physical_endpoint	True	85.76066129715981	2.22627494	1.531883587
A	H69-pb-250k	logistic	demote	pac-bio	illumina	ok	3.29	0.459	0	251488	9afd4f42be9df8c89b27ea474c1e604c	803	252291	118405	0.4254827799655115	0.3756473530875427	0.5325559118512011	0.4664941132018099	2829.3748380422944	0.4324945496547946	0.48281535909163914	0.8993145699705631			yes		False		0.052386355	1.548342603
A	H69-pb-250k	none	demote	pac-bio	illumina	ok	3.18	0.457	0	251488	9afd4f42be9df8c89b27ea474c1e604c	803	252291	118405	0.42178680810652674	0.37167374744313814	0.5304677550056385	0.46737970154480946	3279.945190104141	0.4335549412628376	0.48247895159543136	0.8963692627002978			yes		False		6.88e-06	1.588553745
A	H69-pb-250k	logistic	main	pac-bio	illumina	ok	5.02	0.447	0	251488	9afd4f42be9df8c89b27ea474c1e604c	803	252291	118405	0.42614309316542215	0.3762601614260244	0.5333351021240796	0.46738060150520994	2806.0418449928948	0.4324205653576642	0.48387181840836646	0.8990314797191657			yes					
A	HCC827-cdna	+calib	demote	ont-cdna	illumina	ok	1.82	0.468	0	251488	9afd4f42be9df8c89b27ea474c1e604c	803	252291	115202	0.21409748782860727	0.19029801349806105	0.29867207255674494	0.17649012594499636	7929.269267739218	0.45116957990368106	0.257801860264243	0.9814799674830287			yes	cross_fitted_adaptive_endpoint	False		0.034067331	0.909016632
A	HCC827-cdna	+censor	demote	ont-cdna	illumina	ok	1.86	0.475	0	251488	9afd4f42be9df8c89b27ea474c1e604c	803	252291	115202	0.2149526371599745	0.19107459569513707	0.29967491631397003	0.17751891807136153	7925.338901279986	0.45107284331947456	0.258059473741036	0.9813700924605099			yes	cross_fitted_adaptive_endpoint	False	39.065348335038074	0.03977682	0.939790468
A	HCC827-cdna	+prune	demote	ont-cdna	illumina	ok	1.86	0.462	0	251488	9afd4f42be9df8c89b27ea474c1e604c	803	252291	115202	0.21533180388213116	0.1914077908496082	0.30032274621894556	0.17832830665749266	7915.147228228253	0.4510944560011345	0.25907315749650905	0.9812749026302313			yes	cross_fitted_adaptive_endpoint	False		0.037030444	0.929082155
A	HCC827-cdna	+rank	demote	ont-cdna	illumina	ok	2.0	0.455	0	251488	9afd4f42be9df8c89b27ea474c1e604c	803	252291	115202	0.22287180425971675	0.19750213694800767	0.32266265847815273	0.20242988675547136	7907.635747590381	0.451727474276589	0.28175365198932717	0.9743163535323052			yes	cross_fitted_adaptive_endpoint	True		0.175075994	0.94450381
A	HCC827-cdna	adaptive-bare	demote	ont-cdna	illumina	ok	1.8	0.467	0	251488	9afd4f42be9df8c89b27ea474c1e604c	803	252291	115202	0.21394399137494574	0.1901618266698128	0.298587695722759	0.1764100122635562	7930.238489397774	0.45118052870982434	0.25766124878410096	0.9814956836772688			yes	cross_fitted_adaptive_endpoint	False		0.032945904	0.875672322
A	HCC827-cdna	auto-new	demote	ont-cdna	illumina	ok	1.87	0.467	0	251488	9afd4f42be9df8c89b27ea474c1e604c	803	252291	115202	0.21512130456116457	0.19122111908633802	0.29990305038688	0.17771392765948232	7924.221465532041	0.4510587686134544	0.2583279412783016	0.9813387612256211			yes	cross_fitted_adaptive_endpoint	False	39.065348335038074	0.041237723	0.946832483
A	HCC827-cdna	auto-old	demote	ont-cdna	illumina	ok	2.02	0.461	0	251488	9afd4f42be9df8c89b27ea474c1e604c	803	252291	115202	0.22798255320135793	0.20198059801295246	0.32798735684526353	0.20872252094336977	7847.758462690957	0.4515988761105952	0.28678339333020103	0.9733344346023043			yes	cross_fitted_adaptive_endpoint	True	39.065348335038074	0.178752215	0.938186068
A	HCC827-cdna	logistic	demote	ont-cdna	illumina	ok	1.85	0.467	0	251488	9afd4f42be9df8c89b27ea474c1e604c	803	252291	115202	0.21339433353962456	0.1896966124955399	0.2973565481690532	0.17665578970032178	7935.167560700621	0.4511598962140584	0.25599540697132567	0.9815406157444945			yes		False		0.012384912	0.948882594
A	HCC827-cdna	none	demote	ont-cdna	illumina	ok	1.82	0.45	0	251488	9afd4f42be9df8c89b27ea474c1e604c	803	252291	115202	0.2211406527641148	0.1960127042062011	0.3178141696674886	0.2046703391797593	8182.139099748122	0.45101128347367375	0.27921604575080766	0.9730294958585588			yes		False		6.418e-06	0.946473701
A	HCC827-cdna	logistic	main	ont-cdna	illumina	ok	1.71	0.464	0	251488	9afd4f42be9df8c89b27ea474c1e604c	803	252291	115202	0.21395404660035752	0.19020487186924706	0.298215985858757	0.17775534367764825	7952.869248692869	0.4511913999189492	0.25593551042929885	0.9814416523367006			yes					
A	HCC827-drna	+calib	demote	ont-drna	illumina	ok	1.98	0.457	0	251488	9afd4f42be9df8c89b27ea474c1e604c	803	252291	115202	0.2749223631479837	0.24433421239612707	0.38441271409679517	0.26266694773314314	7067.960492967222	0.4446879764530801	0.3405819470452439	0.9665847828166555			yes	ont_drna_competing_risks	False		0.096693921	0.977106683
A	HCC827-drna	+censor	demote	ont-drna	illumina	ok	1.96	0.463	0	251488	9afd4f42be9df8c89b27ea474c1e604c	803	252291	115202	0.2762514238089442	0.24550709025266929	0.386525150819772	0.26504335933924933	7068.789713493619	0.44453063423886574	0.3421178716472534	0.9661755924006331			yes	ont_drna_competing_risks	False	41.33666061705989	0.103454721	0.934792795
A	HCC827-drna	+prune	demote	ont-drna	illumina	ok	1.94	0.464	0	251488	9afd4f42be9df8c89b27ea474c1e604c	803	252291	115202	0.2752725702088892	0.24467379492673297	0.38499055309272645	0.26362055004122353	7069.008491288654	0.4446706162520655	0.34104198175760353	0.9664717469462607			yes	ont_drna_competing_risks	False		0.099609079	0.937813603
A	HCC827-drna	+rank	demote	ont-drna	illumina	ok	2.1	0.475	0	251488	9afd4f42be9df8c89b27ea474c1e604c	803	252291	115202	0.28338778948734017	0.25134429933941393	0.40012904543443717	0.28377629352098604	7082.874631532894	0.44426505785135445	0.35713941069348565	0.9602063353588979			yes	ont_drna_competing_risks	True		0.229377918	0.970757538
A	HCC827-drna	adaptive-bare	demote	ont-drna	illumina	ok	1.94	0.465	0	251488	9afd4f42be9df8c89b27ea474c1e604c	803	252291	115202	0.2747274865437161	0.24415919166425618	0.38418805170684545	0.2624145172653373	7067.793006645959	0.44471930541346183	0.34040975046592675	0.9666447187592987			yes	ont_drna_competing_risks	False		0.094925647	0.930489775
A	HCC827-drna	auto-new	demote	ont-drna	illumina	ok	1.97	0.462	0	251488	9afd4f42be9df8c89b27ea474c1e604c	803	252291	115202	0.2764997312839867	0.24572715536916848	0.3868627081992976	0.26539883763181465	7068.83360403528	0.44449957989255	0.3424398441059694	0.9661074882947708			yes	ont_drna_competing_risks	False	41.33666061705989	0.103727044	0.951733093
A	HCC827-drna	auto-old	demote	ont-drna	illumina	ok	2.14	0.475	0	251488	9afd4f42be9df8c89b27ea474c1e604c	803	252291	115202	0.28739636862013274	0.254861772119156	0.4056211116358652	0.29061561704259287	7068.155554032758	0.4438781212282554	0.3617366216569793	0.9590452077659647			yes	ont_drna_competing_risks	True	41.33666061705989	0.235646265	0.999351124
A	HCC827-drna	logistic	demote	ont-drna	illumina	ok	1.93	0.484	0	251488	9afd4f42be9df8c89b27ea474c1e604c	803	252291	115202	0.27525469823987914	0.2446909869003325	0.38455291422222865	0.2634922390104503	7043.734481600925	0.44452421608919596	0.3400006893345779	0.9664680523009052			yes		False		0.015316752	1.016912273
A	HCC827-drna	none	demote	ont-drna	illumina	ok	2.01	0.45	0	251488	9afd4f42be9df8c89b27ea474c1e604c	803	252291	115202	0.28180507111743736	0.24997906653692054	0.39492288993731334	0.2837699577305276	7156.151722047379	0.44396787986564373	0.35406052420537787	0.9598535466912526			yes		False		7.3e-06	1.101381772
A	HCC827-drna	logistic	main	ont-drna	illumina	ok	2.15	0.466	0	251488	9afd4f42be9df8c89b27ea474c1e604c	803	252291	115202	0.2752227474861112	0.24470709629351922	0.3849710486344452	0.26400874562240517	7038.62986790384	0.44448813818945726	0.3408714614915574	0.966259088610713			yes					
A	HCC827-pb	+calib	demote	pac-bio	illumina	ok	2.77	0.472	0	251488	9afd4f42be9df8c89b27ea474c1e604c	803	252291	115202	0.30223017600553037	0.268354634181091	0.414435625025609	0.30995382418990725	4942.372554795442	0.4426540771757059	0.3726127871706594	0.9599812845942047			yes	pacbio_guarded_physical_endpoint	False		0.737888032	1.083387689
A	HCC827-pb	+censor	demote	pac-bio	illumina	ok	2.79	0.454	0	251488	9afd4f42be9df8c89b27ea474c1e604c	803	252291	115202	0.3025768838564452	0.268664669502975	0.4148120231920113	0.310793215183818	4937.415572009013	0.442649977023247	0.37361028337252083	0.9599254883625474			yes	pacbio_guarded_physical_endpoint	False	50.61892040543726	0.739529253	1.08560504
A	HCC827-pb	+prune	demote	pac-bio	illumina	ok	2.76	0.465	0	251488	9afd4f42be9df8c89b27ea474c1e604c	803	252291	115202	0.30421910381335865	0.2701536370745369	0.41700459636213083	0.31430352368789577	4918.8529540886375	0.44247620343506366	0.3757350650625344	0.9592219603154808			yes	pacbio_guarded_physical_endpoint	False		0.746623328	1.074209768
A	HCC827-pb	+rank	demote	pac-bio	illumina	ok	2.84	0.455	0	251488	9afd4f42be9df8c89b27ea474c1e604c	803	252291	115202	0.30399295475624044	0.26976949069393646	0.4171302715767248	0.313509830143545	4945.155331881246	0.44261234506526426	0.3764351027830906	0.9590533727244226			yes	pacbio_guarded_physical_endpoint	True		0.740856292	1.130094809
A	HCC827-pb	adaptive-bare	demote	pac-bio	illumina	ok	2.68	0.451	0	251488	9afd4f42be9df8c89b27ea474c1e604c	803	252291	115202	0.30201212461271865	0.2681665132688403	0.41400969810880356	0.3095702668546008	4942.562711959723	0.4426901295547577	0.3722065128799479	0.9600724768603167			yes	pacbio_guarded_physical_endpoint	False		0.733170525	1.010695167
A	HCC827-pb	auto-new	demote	pac-bio	illumina	ok	2.74	0.451	0	251488	9afd4f42be9df8c89b27ea474c1e604c	803	252291	115202	0.30282563937921975	0.2688772776893811	0.4152876626022011	0.31122173529253155	4937.222579330962	0.44260620186373695	0.3740379170423579	0.9598174394320272			yes	pacbio_guarded_physical_endpoint	False	50.61892040543726	0.745138652	1.048223535
A	HCC827-pb	auto-old	demote	pac-bio	illumina	ok	2.82	0.456	0	251488	9afd4f42be9df8c89b27ea474c1e604c	803	252291	115202	0.30679670128859277	0.27217097859966716	0.4210453174562363	0.3196442347071702	4914.349973205891	0.4423784140443929	0.38148866690119815	0.9579372257942421			yes	pacbio_guarded_physical_endpoint	True	50.61892040543726	0.759834449	1.100432356
A	HCC827-pb	logistic	demote	pac-bio	illumina	ok	2.04	0.456	0	251488	9afd4f42be9df8c89b27ea474c1e604c	803	252291	115202	0.30155883133122907	0.2678960309488302	0.4123709924622261	0.3063794440631999	4863.042872630713	0.4427462146167175	0.36876457825425973	0.9613323624696438			yes		False		0.018079825	1.079715816
A	HCC827-pb	none	demote	pac-bio	illumina	ok	2.04	0.45	0	251488	9afd4f42be9df8c89b27ea474c1e604c	803	252291	115202	0.3064971496749426	0.27167015038682607	0.4218279579044385	0.32399706064788886	4972.761348842141	0.4422612072535745	0.38405269506287043	0.9548279328364303			yes		False		6.85e-06	1.086000782
A	HCC827-pb	logistic	main	pac-bio	illumina	ok	2.41	0.464	0	251488	9afd4f42be9df8c89b27ea474c1e604c	803	252291	115202	0.3024112589240978	0.2686459617217271	0.4134739161498735	0.3076273701155394	4856.410458358779	0.4427159415519312	0.3706436457811772	0.9610869005015863			yes					
A	SHP77-cdna	+calib	demote	ont-cdna	illumina	ok	1.91	0.483	0	251488	9afd4f42be9df8c89b27ea474c1e604c	803	252291	121116	0.22275946944915018	0.19676187833079448	0.3010728595811452	0.18049047919548364	7300.7824338845185	0.4736308753672917	0.2626418032403819	0.9796474692753084			yes	cross_fitted_adaptive_endpoint	False		0.037565608	0.955013845
A	SHP77-cdna	+censor	demote	ont-cdna	illumina	ok	1.93	0.469	0	251488	9afd4f42be9df8c89b27ea474c1e604c	803	252291	121116	0.22314099432891715	0.1971149890653838	0.30185768521922546	0.18115538196823336	7304.280363177981	0.4735586680845809	0.2630718648684379	0.9795980973478203			yes	cross_fitted_adaptive_endpoint	False	48.28301486199575	0.044172755	0.978019793
A	SHP77-cdna	+prune	demote	ont-cdna	illumina	ok	1.95	0.465	0	251488	9afd4f42be9df8c89b27ea474c1e604c	803	252291	121116	0.22353158408585638	0.1974711467895421	0.30230535548707266	0.18197226165962865	7290.476487009877	0.4735393274905895	0.26359761648811414	0.9793836648958812			yes	cross_fitted_adaptive_endpoint	False		0.040086084	0.995749193
A	SHP77-cdna	+rank	demote	ont-cdna	illumina	ok	2.0	0.459	0	251488	9afd4f42be9df8c89b27ea474c1e604c	803	252291	121116	0.22980772338510444	0.20245033407991084	0.3190606320463089	0.2001088306267974	7319.264360697997	0.4739199221444708	0.28221328937728685	0.974068507888504			yes	cross_fitted_adaptive_endpoint	True		0.17510138	0.916952309
A	SHP77-cdna	adaptive-bare	demote	ont-cdna	illumina	ok	1.9	0.457	0	251488	9afd4f42be9df8c89b27ea474c1e604c	803	252291	121116	0.2227110229125587	0.19672020152317438	0.30095557512385723	0.18036068892527377	7300.669383521631	0.47362963540997793	0.2625298115022999	0.9796615623899937			yes	cross_fitted_adaptive_endpoint	False		0.03470767	0.948673413
A	SHP77-cdna	auto-new	demote	ont-cdna	illumina	ok	1.92	0.468	0	251488	9afd4f42be9df8c89b27ea474c1e604c	803	252291	121116	0.22321609388942987	0.19718121537317188	0.3018985861956604	0.18124540579576404	7304.217879108238	0.473548903138019	0.262993702222702	0.979577558401207			yes	cross_fitted_adaptive_endpoint	False	48.28301486199575	0.044640387	0.964657015
A	SHP77-cdna	auto-old	demote	ont-cdna	illumina	ok	2.1	0.467	0	251488	9afd4f42be9df8c89b27ea474c1e604c	803	252291	121116	0.23254948212947432	0.20483480458410858	0.32289425935075555	0.20493235153476508	7317.28161129438	0.47366975095656655	0.28549354496513046	0.9730901064824337			yes	cross_fitted_adaptive_endpoint	True	48.28301486199575	0.193682275	0.999790008
A	SHP77-cdna	logistic	demote	ont-cdna	illumina	ok	1.89	0.479	0	251488	9afd4f42be9df8c89b27ea474c1e604c	803	252291	121116	0.22169273214762872	0.1958555379534002	0.2994665477097206	0.17947824474451313	7300.708640932898	0.4736953356159807	0.2605782817970833	0.9800030834553463			yes		False		0.014043472	0.964805388
A	SHP77-cdna	none	demote	ont-cdna	illumina	ok	1.87	0.453	0	251488	9afd4f42be9df8c89b27ea474c1e604c	803	252291	121116	0.22662959663450907	0.19968371467653823	0.3129077683372942	0.1996765234627423	7350.2085933602075	0.47348308206465006	0.2776073593132378	0.9733949414872212			yes		False		6.188e-06	0.980157384
A	SHP77-cdna	logistic	main	ont-cdna	illumina	ok	1.62	0.486	0	251488	9afd4f42be9df8c89b27ea474c1e604c	803	252291	121116	0.2214470687557081	0.195657482516123	0.29870724202281196	0.17945492586871178	7300.5887822766035	0.4737334433669499	0.26061089017879235	0.9798862472152366			yes					
A	SHP77-drna	+calib	demote	ont-drna	illumina	ok	2.08	0.461	0	251488	9afd4f42be9df8c89b27ea474c1e604c	803	252291	121116	0.29909751511861443	0.2641865392798752	0.40605420347713483	0.2870981008179457	5395.018263288694	0.4648694186864373	0.36756864334843636	0.9604643452655524			yes	ont_drna_competing_risks	False		0.103261614	1.046112487
A	SHP77-drna	+censor	demote	ont-drna	illumina	ok	2.06	0.455	0	251488	9afd4f42be9df8c89b27ea474c1e604c	803	252291	121116	0.2999309326038119	0.2649140249423379	0.40708212608118405	0.2884943967504969	5396.188064108238	0.4647347474623368	0.36844011112492286	0.9601353315118273			yes	ont_drna_competing_risks	False	60.305936073059364	0.10822606	1.030057728
A	SHP77-drna	+prune	demote	ont-drna	illumina	ok	2.07	0.458	0	251488	9afd4f42be9df8c89b27ea474c1e604c	803	252291	121116	0.2998495266072113	0.2649095356265562	0.40724410463542887	0.2888126466295827	5385.023537642844	0.4647450112757578	0.3686790872559792	0.9600936849553037			yes	ont_drna_competing_risks	False		0.104633925	1.038223712
A	SHP77-drna	+rank	demote	ont-drna	illumina	ok	2.22	0.464	0	251488	9afd4f42be9df8c89b27ea474c1e604c	803	252291	121116	0.30864187142751237	0.2720584714508297	0.4212913268790875	0.3068143332025209	5416.259068658691	0.4641692887792619	0.38449181450151926	0.9544818141726608			yes	ont_drna_competing_risks	True		0.255772173	1.031764837
A	SHP77-drna	adaptive-bare	demote	ont-drna	illumina	ok	2.02	0.462	0	251488	9afd4f42be9df8c89b27ea474c1e604c	803	252291	121116	0.2986941576620259	0.2638359927867168	0.4054527083536099	0.2865216446128392	5395.585118249779	0.4649265881209823	0.3670707166194579	0.960584225100561			yes	ont_drna_competing_risks	False		0.100244988	0.999542674
A	SHP77-drna	auto-new	demote	ont-drna	illumina	ok	2.07	0.463	0	251488	9afd4f42be9df8c89b27ea474c1e604c	803	252291	121116	0.3003861437556553	0.2653126608466076	0.40760111360662565	0.28901903117278144	5395.670408998003	0.46467121775648196	0.36895576402267805	0.9600021344748132			yes	ont_drna_competing_risks	False	60.305936073059364	0.10870101	1.03036558
A	SHP77-drna	auto-old	demote	ont-drna	illumina	ok	2.23	0.458	0	251488	9afd4f42be9df8c89b27ea474c1e604c	803	252291	121116	0.3111155223131321	0.2741774912960025	0.4249328922942435	0.31189830704959914	5412.160398260187	0.46379827480360736	0.38795177290470134	0.9532669106559466			yes	ont_drna_competing_risks	True	60.305936073059364	0.269415718	1.030522504
A	SHP77-drna	logistic	demote	ont-drna	illumina	ok	1.9	0.462	0	251488	9afd4f42be9df8c89b27ea474c1e604c	803	252291	121116	0.29881129081834407	0.26398858403317643	0.4055710342164693	0.2868129036170339	5394.128745289209	0.4647822824252158	0.3661020551499975	0.960541560662452			yes		False		0.017432359	0.956435457
A	SHP77-drna	none	demote	ont-drna	illumina	ok	1.95	0.453	0	251488	9afd4f42be9df8c89b27ea474c1e604c	803	252291	121116	0.30620848775430076	0.26996523186634397	0.4161225907208004	0.3056139534234433	5431.8011833511855	0.4637408042029286	0.3806440539574771	0.9539053669000543			yes		False		7.43e-06	1.057915648
A	SHP77-drna	logistic	main	ont-drna	illumina	ok	2.08	0.479	0	251488	9afd4f42be9df8c89b27ea474c1e604c	803	252291	121116	0.2993955294921015	0.26454117205681127	0.40622771885970066	0.2874803163926476	5394.867740627864	0.46468585590865635	0.36613136891463316	0.9603583757155222			yes					
A	SHP77-pb	+calib	demote	pac-bio	illumina	ok	2.66	0.462	0	251488	9afd4f42be9df8c89b27ea474c1e604c	803	252291	121116	0.3118748158201943	0.2752443003658578	0.4179991668397862	0.3131871382018016	4012.8664008992523	0.4642187180884126	0.37852792648305233	0.9569309019079806			yes	pacbio_guarded_physical_endpoint	False		0.696259827	1.049070342
A	SHP77-pb	+censor	demote	pac-bio	illumina	ok	2.67	0.476	0	251488	9afd4f42be9df8c89b27ea474c1e604c	803	252291	121116	0.31342271800809024	0.2766532185273666	0.4185857622393825	0.31403899008858793	4005.322436656245	0.4640074386646989	0.378369704974113	0.9568568861168105			yes	pacbio_guarded_physical_endpoint	False	62.97528556593977	0.707004537	1.0419980660000001
A	SHP77-pb	+prune	demote	pac-bio	illumina	ok	2.81	0.46	0	251488	9afd4f42be9df8c89b27ea474c1e604c	803	252291	121116	0.3133689333760898	0.2766188937450529	0.4201806276113576	0.3168743961530343	3965.971655567633	0.4640770790915487	0.3811050696255776	0.9562810281492425			yes	pacbio_guarded_physical_endpoint	False		0.702361051	1.160786007
A	SHP77-pb	+rank	demote	pac-bio	illumina	ok	2.77	0.456	0	251488	9afd4f42be9df8c89b27ea474c1e604c	803	252291	121116	0.314497678549567	0.2773784229121658	0.42164484374519423	0.31760708397058424	4016.9709174287013	0.4640668860353359	0.3832411780982353	0.9558855995212115			yes	pacbio_guarded_physical_endpoint	True		0.698424603	1.122621183
A	SHP77-pb	adaptive-bare	demote	pac-bio	illumina	ok	2.63	0.459	0	251488	9afd4f42be9df8c89b27ea474c1e604c	803	252291	121116	0.3117895538571538	0.2751646394726685	0.417912265312183	0.3130338539006457	4013.1582251056934	0.46424865618683425	0.3783942297898962	0.957015695459155			yes	pacbio_guarded_physical_endpoint	False		0.700823414	1.010705477
A	SHP77-pb	auto-new	demote	pac-bio	illumina	ok	2.77	0.461	0	251488	9afd4f42be9df8c89b27ea474c1e604c	803	252291	121116	0.3137072581575397	0.2769017015504897	0.41877935879270983	0.31431329621530546	4004.940142028343	0.4639625457285533	0.3787051093208137	0.9567406517397946			yes	pacbio_guarded_physical_endpoint	False	62.97528556593977	0.710912414	1.10420005
A	SHP77-pb	auto-old	demote	pac-bio	illumina	ok	2.77	0.451	0	251488	9afd4f42be9df8c89b27ea474c1e604c	803	252291	121116	0.3186135534709888	0.28099696964002996	0.42519739948999075	0.32312158097466065	3969.053992682186	0.46352043052964703	0.38680448416903607	0.9547288196782926			yes	pacbio_guarded_physical_endpoint	True	62.97528556593977	0.708905554	1.107622873
A	SHP77-pb	logistic	demote	pac-bio	illumina	ok	1.97	0.455	0	251488	9afd4f42be9df8c89b27ea474c1e604c	803	252291	121116	0.31053652949718397	0.2741743534764774	0.4146459138312837	0.3086506790561103	4007.8780094574136	0.46445669291824027	0.37481044191050134	0.9584031349923461			yes		False		0.018015237	1.03877643
A	SHP77-pb	none	demote	pac-bio	illumina	ok	2.0	0.45	0	251488	9afd4f42be9df8c89b27ea474c1e604c	803	252291	121116	0.3148408967036409	0.27735960204038934	0.4241626596049017	0.3252087201021061	4039.543088698947	0.46385173249927564	0.3887923989664549	0.9521421615596176			yes		False		6.449e-06	1.090202501
A	SHP77-pb	logistic	main	pac-bio	illumina	ok	1.6	0.46	0	251488	9afd4f42be9df8c89b27ea474c1e604c	803	252291	121116	0.31128921513388946	0.2748613364540823	0.4150940174166573	0.30930859255103826	4005.705616563656	0.46444381615740066	0.37579054981300647	0.9582637549490265			yes					
A	synthetic-drna	+calib	demote	ont-drna	counts	ok	10.21	0.294	0	71220	39f6336f76e63d3ee3431c41f76912dd	29	23838	23809	0.8256898154563783	0.7839722152013481	0.9211871643017372	0.9201362336488219	23.43450196232484	0.14288565727382865	0.823828031354688	0.3398633123693221			yes	ont_drna_competing_risks	False		2.729944234	1.7502752799999999
A	synthetic-drna	+censor	demote	ont-drna	counts	ok	10.38	0.293	0	71220	39f6336f76e63d3ee3431c41f76912dd	29	23838	23809	0.8244764103362738	0.7827538290355405	0.9209888469485268	0.9200393308138416	21.5889505299882	0.14351394572468965	0.8262410431380697	0.33852458032776656			yes	ont_drna_competing_risks	False	89.5626034631229	2.796948974	1.863906673
A	synthetic-drna	+prune	demote	ont-drna	counts	ok	10.18	0.295	0	71220	39f6336f76e63d3ee3431c41f76912dd	29	23838	23809	0.8183469127088492	0.7751681552463312	0.9174933438365154	0.9168550072163204	25.002976939918685	0.14838405984197123	0.8244701354258201	0.3352419407668466			yes	ont_drna_competing_risks	False		2.739068908	1.771558562
A	synthetic-drna	+rank	demote	ont-drna	counts	ok	10.25	0.296	0	71220	39f6336f76e63d3ee3431c41f76912dd	29	23838	23809	0.8318957162050111	0.7719197894809392	0.9320039032811569	0.9313643885436198	23.445983557893	0.19959981194915705	0.841775511808022	0.31973639222522027			yes	ont_drna_competing_risks	True		2.927275654	1.731227422
A	synthetic-drna	adaptive-bare	demote	ont-drna	counts	ok	10.2	0.293	0	71220	39f6336f76e63d3ee3431c41f76912dd	29	23838	23809	0.8257887289883211	0.7840825469656164	0.9212410524816543	0.9201846485882975	23.447588686342623	0.14283340187307234	0.823799562477374	0.33991370609826976			yes	ont_drna_competing_risks	False		2.711743533	1.754164662
A	synthetic-drna	auto-new	demote	ont-drna	counts	ok	10.21	0.294	0	71220	39f6336f76e63d3ee3431c41f76912dd	29	23838	23809	0.8244002927079824	0.7826656219313042	0.9209428693653875	0.919998203521674	21.576031648024628	0.14355226024423035	0.8262648952614444	0.3384736751195988			yes	ont_drna_competing_risks	False	89.5626034631229	2.822713517	1.747642249
A	synthetic-drna	auto-old	demote	ont-drna	counts	ok	10.61	0.296	0	71220	39f6336f76e63d3ee3431c41f76912dd	29	23838	23809	0.8253497779768101	0.7640054126295965	0.9266745515733338	0.9265377775328448	28.47898807695819	0.20641685912110286	0.848592984356686	0.31001989595047147			yes	ont_drna_competing_risks	True	89.5626034631229	3.068860401	1.7869460799999999
A	synthetic-drna	logistic	demote	ont-drna	counts	ok	7.61	0.289	0	71220	39f6336f76e63d3ee3431c41f76912dd	29	23838	23809	0.8254413583635593	0.7840215452612	0.9206801039009257	0.9195681998191975	30.23129791851292	0.14208499965343768	0.8223264206258578	0.3412417095031638			yes		False		0.102687385	1.816997192
A	synthetic-drna	none	demote	ont-drna	counts	ok	7.39	0.255	0	71220	39f6336f76e63d3ee3431c41f76912dd	29	23838	23809	0.8207459485207711	0.7735537116838255	0.9369584979400408	0.9365396657941771	89.2501200805973	0.16877527003251813	0.8431216551498256	0.29892441694395255			yes		False		5.517e-06	1.778660637
A	synthetic-drna	logistic	main	ont-drna	counts	ok	17.34	0.291	0	71220	39f6336f76e63d3ee3431c41f76912dd	29	23838	23809	0.8275649640811082	0.7846199075387598	0.9214333623851145	0.920387644289034	28.079999043020088	0.144420946568954	0.8250513923685935	0.3390812732715245			yes					
A-sirv	independent-ont-100k	+calib	demote	ont-cdna	counts	ok	27.67	3.447	0	385659	9afd4f42be9df8c89b27ea474c1e604c	828	81977	81149	0.982117111778351	0.9613652052115441	0.9839215229152244	0.9839213194566541	0.10946080302625641	0.007505108446970303	0.718977977966817	0.022654199782900567	2.1316911715418843	0	yes	cross_fitted_adaptive_endpoint	False		0.112890903	1.648226526
A-sirv	independent-ont-100k	+censor	demote	ont-cdna	counts	ok	27.78	3.422	0	385659	9afd4f42be9df8c89b27ea474c1e604c	828	81977	81149	0.982052668114038	0.9612583928934385	0.9839118561616156	0.9839116094504401	0.10942868220398377	0.007511396900436381	0.7185815538286727	0.022766543343326045	2.1319634401864014	0	yes	cross_fitted_adaptive_endpoint	False	25.0	0.130818123	1.7144936240000002
A-sirv	independent-ont-100k	+prune	demote	ont-cdna	counts	ok	27.59	3.51	0	385659	9afd4f42be9df8c89b27ea474c1e604c	828	81977	81149	0.9838974416751775	0.9718529560116508	0.9855546351292414	0.9855545074570594	0.10229538456292166	0.006469826857980163	0.792795473813966	0.017471442774324084	2.1256170196573816	0	yes	cross_fitted_adaptive_endpoint	False		0.102361303	1.730240542
A-sirv	independent-ont-100k	+rank	demote	ont-cdna	counts	ok	27.74	3.57	0	385659	9afd4f42be9df8c89b27ea474c1e604c	828	81977	81149	0.9820182584327615	0.9611659323514805	0.9838651895332817	0.983864951099463	0.1096216030467038	0.0075347517469477945	0.7181325977082774	0.02284968852203367	2.1319647999309015	0	yes	cross_fitted_adaptive_endpoint	False		0.096513816	1.646553954
A-sirv	independent-ont-100k	adaptive-bare	demote	ont-cdna	counts	ok	27.62	3.532	0	385659	9afd4f42be9df8c89b27ea474c1e604c	828	81977	81149	0.9819320498924733	0.9610719719647037	0.983823963012713	0.9838237225060446	0.10971868160591285	0.007595818789716386	0.7182879933097296	0.022895354753408863	2.1319710062529613	0	yes	cross_fitted_adaptive_endpoint	False		0.102201967	1.703333422
A-sirv	independent-ont-100k	auto-new	demote	ont-cdna	counts	ok	27.9	3.39	0	385659	9afd4f42be9df8c89b27ea474c1e604c	828	81977	81149	0.9821015707500659	0.961401402762988	0.9839672240731335	0.9839670116838709	0.1092325766212066	0.007470026404238771	0.719211542964696	0.022586468003587382	2.1316921241284903	0	yes	cross_fitted_adaptive_endpoint	False	25.0	0.128406754	1.723282092
A-sirv	independent-ont-100k	auto-old	demote	ont-cdna	counts	ok	28.36	3.433	0	385659	9afd4f42be9df8c89b27ea474c1e604c	828	81977	81149	0.9838337744167772	0.971386443033226	0.9855727305510525	0.98557260849168	0.1021467816457966	0.006433130763580713	0.7880904593723737	0.01743917521030183	2.125603368966855	0	yes	cross_fitted_adaptive_endpoint	False	25.0	0.128178386	1.855130787
A-sirv	independent-ont-100k	logistic	demote	ont-cdna	counts	ok	27.8	3.572	0	385659	9afd4f42be9df8c89b27ea474c1e604c	828	81977	81149	0.9766214313943186	0.9558352779249366	0.9775345675035698	0.9775287024656862	0.1298966104433652	0.009230102499596136	0.7043321691618666	0.03181630913638111	2.14570223922218	0	yes		False		0.053027545	1.6474703609999999
A-sirv	independent-ont-100k	none	demote	ont-cdna	counts	ok	27.16	3.453	0	385659	9afd4f42be9df8c89b27ea474c1e604c	828	81977	81149	0.9631822506856705	0.9403057464848321	0.9698054834892866	0.9698029805950238	0.14846479363705478	0.017912631306001316	0.6827738424711505	0.04496774540821403	2.1349025067296434	0	yes		False		8.522e-06	1.7406915490000001
A-sirv	independent-pb-100k	+calib	demote	pac-bio	counts	ok	29.1	2.814	0	385659	9afd4f42be9df8c89b27ea474c1e604c	809	82023	81214	0.984945716467255	0.9643677075200122	0.987128389902357	0.9871282192156412	0.10095005478817065	0.006485293748320308	0.7271157060234862	0.016212804223575624	2.129292354018533	0	yes	pacbio_guarded_physical_endpoint	False		1.9942306140000001	1.709250649
A-sirv	independent-pb-100k	+censor	demote	pac-bio	counts	ok	28.66	2.732	0	385659	9afd4f42be9df8c89b27ea474c1e604c	809	82023	81214	0.9849194477636634	0.9644651495564949	0.9870436291985024	0.9870434698036145	0.10114183485047602	0.006511165693152641	0.72788730849337	0.016409485719198636	2.129439787806242	0	yes	pacbio_guarded_physical_endpoint	False	25.0	1.9909592489999999	1.716763127
A-sirv	independent-pb-100k	+prune	demote	pac-bio	counts	ok	28.86	2.74	0	385659	9afd4f42be9df8c89b27ea474c1e604c	809	82023	81214	0.986544420716457	0.9730933564920808	0.9888051176655658	0.9888040225349022	0.09262748163330106	0.005361445692497251	0.7844166968446797	0.010727381037832225	2.1222639004738237	0	yes	pacbio_guarded_physical_endpoint	False		2.008182178	1.6912241479999999
A-sirv	independent-pb-100k	+rank	demote	pac-bio	counts	ok	29.62	2.842	0	385659	9afd4f42be9df8c89b27ea474c1e604c	809	82023	81214	0.9848920352485333	0.9642092570272534	0.9870503452187417	0.9870501888533458	0.10114730633026202	0.006515708529264942	0.7264390075083743	0.016423384005239225	2.1294848855152213	0	yes	pacbio_guarded_physical_endpoint	False		1.9860591109999999	1.673108133
A-sirv	independent-pb-100k	adaptive-bare	demote	pac-bio	counts	ok	29.06	2.813	0	385659	9afd4f42be9df8c89b27ea474c1e604c	809	82023	81214	0.9848860048178589	0.9641828829302052	0.9870503452187417	0.9870501888533458	0.101147306330262	0.006515708529264941	0.7262744616847306	0.016423384005239225	2.1294848855152213	0	yes	pacbio_guarded_physical_endpoint	False		1.972506757	1.707369866
A-sirv	independent-pb-100k	auto-new	demote	pac-bio	counts	ok	30.25	2.766	0	385659	9afd4f42be9df8c89b27ea474c1e604c	809	82023	81214	0.9849626237206919	0.9646166282735391	0.9871197799830249	0.9871196067850049	0.10094756031816035	0.006482229857366542	0.7285849042128819	0.016205260557734896	2.1292526137448893	0	yes	pacbio_guarded_physical_endpoint	False	25.0	2.029307435	1.6903172340000001
A-sirv	independent-pb-100k	auto-old	demote	pac-bio	counts	ok	29.24	2.752	0	385659	9afd4f42be9df8c89b27ea474c1e604c	809	82023	81214	0.9865650387799683	0.9731668203931513	0.9888277601781419	0.9888266526188757	0.09261265961783621	0.005364213481567287	0.7849773862962595	0.010681568689123682	2.122254543659289	0	yes	pacbio_guarded_physical_endpoint	False	25.0	2.006564195	1.674908603
A-sirv	independent-pb-100k	logistic	demote	pac-bio	counts	ok	26.83	2.799	0	385659	9afd4f42be9df8c89b27ea474c1e604c	809	82023	81214	0.9782961012638911	0.9582019589349116	0.9793843639958671	0.9793809382898044	0.12747174931845073	0.008905758374714325	0.7131087216230088	0.027233537976604192	2.1451091187891467	0	yes		False		0.050383971	1.720105107
A-sirv	independent-pb-100k	none	demote	pac-bio	counts	ok	27.84	2.766	0	385659	9afd4f42be9df8c89b27ea474c1e604c	809	82023	81214	0.9635683482002216	0.9413004992556101	0.9712552736858583	0.9712501455355668	0.14728717988395812	0.01837666409747339	0.6932006931919935	0.040839798905568	2.1340151871180892	0	yes		False		6.098e-06	1.716133022
A-sirv	sirv-e0-cdna-50k	+calib	demote	ont-cdna	concentrations	ok	1.49	0.166	0	69	8dda45267176c13c94040bad83d064cd	0	69	69	nan	nan	2.7093618831228544e-17	1.0788428360660955e-32	1.5347255433740632	0.49470686201102826	nan	0.49470686201102826	1.5347255433740632	1	yes	cross_fitted_adaptive_endpoint	False		0.015938743	0.009242532
A-sirv	sirv-e0-cdna-50k	+censor	demote	ont-cdna	concentrations	ok	1.48	0.173	0	69	8dda45267176c13c94040bad83d064cd	0	69	69	nan	nan	4.6616738827048274e-17	1.8730699289710374e-32	1.534500687117778	0.4859031121019681	nan	0.4859031121019681	1.5345006871177782	1	yes	cross_fitted_adaptive_endpoint	False	25.0	0.01827784	0.011060654
A-sirv	sirv-e0-cdna-50k	+prune	demote	ont-cdna	concentrations	ok	1.5	0.163	0	69	8dda45267176c13c94040bad83d064cd	0	69	69	nan	nan	-2.8976992132214764e-17	-1.1666793213800229e-32	1.5284391019191657	0.48430472049496265	nan	0.48430472049496265	1.5284391019191657	1	yes	cross_fitted_adaptive_endpoint	False		0.015804449	0.006499481
A-sirv	sirv-e0-cdna-50k	+rank	demote	ont-cdna	concentrations	ok	1.49	0.167	0	69	8dda45267176c13c94040bad83d064cd	0	69	69	nan	nan	1.2744714765198174e-17	5.072513475429735e-33	1.5349678658871282	0.4954081154744348	nan	0.4954081154744348	1.5349678658871277	1	yes	cross_fitted_adaptive_endpoint	False		0.014370012	0.007955448
A-sirv	sirv-e0-cdna-50k	adaptive-bare	demote	ont-cdna	concentrations	ok	1.49	0.17	0	69	8dda45267176c13c94040bad83d064cd	0	69	69	nan	nan	1.991364017574995e-16	7.925820879976928e-32	1.5349658433844795	0.4954073611205172	nan	0.4954073611205172	1.5349658433844795	1	yes	cross_fitted_adaptive_endpoint	False		0.014267662	0.007991947
A-sirv	sirv-e0-cdna-50k	auto-new	demote	ont-cdna	concentrations	ok	1.53	0.165	0	69	8dda45267176c13c94040bad83d064cd	0	69	69	nan	nan	3.05490358457225e-17	1.2277719437833576e-32	1.5343920718402333	0.48571863774066504	nan	0.48571863774066504	1.5343920718402329	1	yes	cross_fitted_adaptive_endpoint	False	25.0	0.020499176	0.020535586
A-sirv	sirv-e0-cdna-50k	auto-old	demote	ont-cdna	concentrations	ok	1.54	0.16	0	69	8dda45267176c13c94040bad83d064cd	0	69	69	nan	nan	1.9032511303880831e-16	7.675926470415861e-32	1.5328667313679014	0.48291236738639176	nan	0.48291236738639176	1.5328667313679019	1	yes	cross_fitted_adaptive_endpoint	False	25.0	0.021607776	0.020125353
A-sirv	sirv-e0-cdna-50k	logistic	demote	ont-cdna	concentrations	ok	1.47	0.162	0	69	8dda45267176c13c94040bad83d064cd	0	69	69	nan	nan	2.3781978029842513e-17	9.41342070028197e-33	1.5399331086549775	0.49989609837505744	nan	0.49989609837505744	1.5399331086549775	1	yes		False		0.004009447	0.007828903
A-sirv	sirv-e0-cdna-50k	none	demote	ont-cdna	concentrations	ok	1.48	0.163	0	69	8dda45267176c13c94040bad83d064cd	0	69	69	nan	nan	1.8592894176284588e-16	7.313756884098807e-32	1.5388560506655267	0.5039143227387921	nan	0.5039143227387921	1.538856050665527	1	yes		False		5.047e-06	0.010477573
A-sirv	sirv-e0-drna-10k	+calib	demote	ont-drna	concentrations	ok	0.26	0.154	0	69	8dda45267176c13c94040bad83d064cd	0	69	69	nan	nan	-1.9999574632216351e-16	-1.6969802953551577e-31	0.52850379018896	0.20402817337813314	nan	0.20402817337813314	0.52850379018896	1	yes	ont_drna_competing_risks	False		0.012483204	0.033825444
A-sirv	sirv-e0-drna-10k	+censor	demote	ont-drna	concentrations	ok	0.21	0.161	0	69	8dda45267176c13c94040bad83d064cd	0	69	69	nan	nan	-3.576029893837492e-16	-3.41533686183903e-31	0.4690356530463541	0.18576520154401674	nan	0.18576520154401674	0.4690356530463541	1	yes	ont_drna_competing_risks	False	31.208719851576994	0.012736601	0.00218818
A-sirv	sirv-e0-drna-10k	+prune	demote	ont-drna	concentrations	ok	0.26	0.158	0	69	8dda45267176c13c94040bad83d064cd	0	69	69	nan	nan	-1.2654016073387471e-16	-1.2123667707076039e-31	0.45420207804286805	0.1815379327067726	nan	0.1815379327067726	0.45420207804286805	1	yes	ont_drna_competing_risks	False		0.012486669	0.02318734
A-sirv	sirv-e0-drna-10k	+rank	demote	ont-drna	concentrations	ok	0.23	0.164	0	69	8dda45267176c13c94040bad83d064cd	0	69	69	nan	nan	-1.4075976225500018e-16	-1.168456341799496e-31	0.547249145162444	0.2083237297067776	nan	0.2083237297067776	0.5472491451624439	1	yes	ont_drna_competing_risks	False		0.012237978	0.023571136
A-sirv	sirv-e0-drna-10k	adaptive-bare	demote	ont-drna	concentrations	ok	0.25	0.152	0	69	8dda45267176c13c94040bad83d064cd	0	69	69	nan	nan	1.7746788830477246e-16	1.473070940179583e-31	0.5472939400856932	0.20833325884569914	nan	0.20833325884569914	0.5472939400856931	1	yes	ont_drna_competing_risks	False		0.012331616	0.023525103
A-sirv	sirv-e0-drna-10k	auto-new	demote	ont-drna	concentrations	ok	0.26	0.154	0	69	8dda45267176c13c94040bad83d064cd	0	69	69	nan	nan	-3.278643934821754e-16	-3.1164664040494e-31	0.45735765988931043	0.18529598052033222	nan	0.18529598052033222	0.45735765988931043	1	yes	ont_drna_competing_risks	False	31.208719851576994	0.012883713	0.03386552
A-sirv	sirv-e0-drna-10k	auto-old	demote	ont-drna	concentrations	ok	0.25	0.156	0	69	8dda45267176c13c94040bad83d064cd	0	69	69	nan	nan	-3.578868364130538e-16	-3.605686204474882e-31	0.4110338403019306	0.17410627268022688	nan	0.17410627268022688	0.4110338403019306	1	yes	ont_drna_competing_risks	False	31.208719851576994	0.013075868	0.034353037
A-sirv	sirv-e0-drna-10k	logistic	demote	ont-drna	concentrations	ok	0.22	0.159	0	69	8dda45267176c13c94040bad83d064cd	0	69	69	nan	nan	8.438541937586725e-17	6.893531465360271e-32	0.5634586881011151	0.2110711185050918	nan	0.2110711185050918	0.5634586881011151	1	yes		False		0.00077367	0.023186388
A-sirv	sirv-e0-drna-10k	none	demote	ont-drna	concentrations	ok	0.22	0.161	0	69	8dda45267176c13c94040bad83d064cd	0	69	69	nan	nan	2.967966678535716e-16	2.437383723758598e-31	0.5542462272212785	0.2107288774972531	nan	0.2107288774972531	0.5542462272212784	1	yes		False		4.025e-06	0.023909259
A-sirv	sirv-e0-drna-25k	+calib	demote	ont-drna	concentrations	ok	0.52	0.2	0	69	8dda45267176c13c94040bad83d064cd	0	69	69	nan	nan	1.3403506915555172e-16	1.1623327730667905e-31	0.5161102510919359	0.19802385136960016	nan	0.19802385136960016	0.5161102510919356	1	yes	ont_drna_competing_risks	False		0.030355367	0.024531732
A-sirv	sirv-e0-drna-25k	+censor	demote	ont-drna	concentrations	ok	0.58	0.202	0	69	8dda45267176c13c94040bad83d064cd	0	69	69	nan	nan	7.571296410581808e-16	7.302121084203989e-31	0.4545479948904943	0.1819971250445089	nan	0.1819971250445089	0.45454799489049447	1	yes	ont_drna_competing_risks	False	35.734409391049155	0.031272094	0.035531774
A-sirv	sirv-e0-drna-25k	+prune	demote	ont-drna	concentrations	ok	0.53	0.211	0	69	8dda45267176c13c94040bad83d064cd	0	69	69	nan	nan	-6.467140850304803e-17	-6.336607315076197e-32	0.4456951905599953	0.17593240453505066	nan	0.17593240453505066	0.4456951905599953	1	yes	ont_drna_competing_risks	False		0.030340717	0.013020421
A-sirv	sirv-e0-drna-25k	+rank	demote	ont-drna	concentrations	ok	0.52	0.211	0	69	8dda45267176c13c94040bad83d064cd	0	69	69	nan	nan	9.973363707518039e-17	8.438382740808253e-32	0.5360395423629698	0.20199854277376528	nan	0.20199854277376528	0.5360395423629698	1	yes	ont_drna_competing_risks	False		0.030101889	0.017094116
A-sirv	sirv-e0-drna-25k	adaptive-bare	demote	ont-drna	concentrations	ok	0.51	0.194	0	69	8dda45267176c13c94040bad83d064cd	0	69	69	nan	nan	4.363275848460289e-17	3.691672750124251e-32	0.5360302758989902	0.20200652994877713	nan	0.20200652994877713	0.5360302758989902	1	yes	ont_drna_competing_risks	False		0.030029861	0.017099193
A-sirv	sirv-e0-drna-25k	auto-new	demote	ont-drna	concentrations	ok	0.5	0.212	0	69	8dda45267176c13c94040bad83d064cd	0	69	69	nan	nan	-1.367391467513353e-16	-1.3787462394231158e-31	0.4366739014246482	0.17664261875295467	nan	0.17664261875295467	0.43667390142464807	1	yes	ont_drna_competing_risks	False	35.734409391049155	0.031824992	0.004439838
A-sirv	sirv-e0-drna-25k	auto-old	demote	ont-drna	concentrations	ok	0.55	0.197	0	69	8dda45267176c13c94040bad83d064cd	0	69	69	nan	nan	-2.276241448105963e-16	-2.3594249371371133e-31	0.399455416574023	0.16888501759235022	nan	0.16888501759235022	0.3994554165740231	1	yes	ont_drna_competing_risks	False	35.734409391049155	0.032046135	0.036884739
A-sirv	sirv-e0-drna-25k	logistic	demote	ont-drna	concentrations	ok	0.49	0.192	0	69	8dda45267176c13c94040bad83d064cd	0	69	69	nan	nan	8.538271691909542e-17	7.060429482502797e-32	0.5579749237018502	0.20631658752998785	nan	0.20631658752998785	0.5579749237018503	1	yes		False		0.001323174	0.017094207
A-sirv	sirv-e0-drna-25k	none	demote	ont-drna	concentrations	ok	0.48	0.191	0	69	8dda45267176c13c94040bad83d064cd	0	69	69	nan	nan	-3.069189108590447e-17	-2.555875789569358e-32	0.5444184049911015	0.20558941944771464	nan	0.20558941944771464	0.5444184049911014	1	yes		False		4.056e-06	0.016468619
A-sirv	sirv-e0-drna-50k	+calib	demote	ont-drna	concentrations	ok	0.98	0.231	0	69	8dda45267176c13c94040bad83d064cd	0	69	69	nan	nan	-6.022709320334414e-16	-5.420966606855542e-31	0.4996651746190088	0.19103239453002518	nan	0.19103239453002518	0.49966517461900856	1	yes	ont_drna_competing_risks	False		0.056326213	0.025374949
A-sirv	sirv-e0-drna-50k	+censor	demote	ont-drna	concentrations	ok	1.01	0.236	0	69	8dda45267176c13c94040bad83d064cd	0	69	69	nan	nan	-1.15060354530981e-16	-1.1283246717242309e-31	0.44448731802095104	0.17863686489055064	nan	0.17863686489055064	0.44448731802095104	1	yes	ont_drna_competing_risks	False	34.2814766598475	0.059011565	0.041773181
A-sirv	sirv-e0-drna-50k	+prune	demote	ont-drna	concentrations	ok	0.96	0.236	0	69	8dda45267176c13c94040bad83d064cd	0	69	69	nan	nan	-1.2188710389545173e-16	-1.1915784545236805e-31	0.44664408491227675	0.17679654513606938	nan	0.17679654513606938	0.44664408491227686	1	yes	ont_drna_competing_risks	False		0.056591076	0.01512008
A-sirv	sirv-e0-drna-50k	+rank	demote	ont-drna	concentrations	ok	0.97	0.256	0	69	8dda45267176c13c94040bad83d064cd	0	69	69	nan	nan	-2.7128329025200634e-16	-2.3807110851788334e-31	0.5209123115738226	0.19489993874918055	nan	0.19489993874918055	0.5209123115738226	1	yes	ont_drna_competing_risks	False		0.056135782	0.019376195
A-sirv	sirv-e0-drna-50k	adaptive-bare	demote	ont-drna	concentrations	ok	1.0	0.235	0	69	8dda45267176c13c94040bad83d064cd	0	69	69	nan	nan	-6.977937336890423e-16	-6.125524953327271e-31	0.520813861587304	0.19483456474270316	nan	0.19483456474270316	0.5208138615873041	1	yes	ont_drna_competing_risks	False		0.056030498	0.018835314
A-sirv	sirv-e0-drna-50k	auto-new	demote	ont-drna	concentrations	ok	1.0	0.25	0	69	8dda45267176c13c94040bad83d064cd	0	69	69	nan	nan	4.445641398207155e-16	4.494971549117348e-31	0.42868819517487466	0.17479196130013436	nan	0.17479196130013436	0.4286881951748748	1	yes	ont_drna_competing_risks	False	34.2814766598475	0.059111612	0.032262262
A-sirv	sirv-e0-drna-50k	auto-old	demote	ont-drna	concentrations	ok	1.0	0.241	0	69	8dda45267176c13c94040bad83d064cd	0	69	69	nan	nan	4.2526462368161147e-16	4.412036591402656e-31	0.39839532572170233	0.16975326160182486	nan	0.16975326160182486	0.3983953257217022	1	yes	ont_drna_competing_risks	False	34.2814766598475	0.05976722	0.043582371
A-sirv	sirv-e0-drna-50k	logistic	demote	ont-drna	concentrations	ok	0.92	0.226	0	69	8dda45267176c13c94040bad83d064cd	0	69	69	nan	nan	6.988231948035518e-16	5.809322461144611e-31	0.5552419853379535	0.20533093790490337	nan	0.20533093790490337	0.5552419853379535	1	yes		False		0.002121339	0.018510398
A-sirv	sirv-e0-drna-50k	none	demote	ont-drna	concentrations	ok	0.91	0.24	0	69	8dda45267176c13c94040bad83d064cd	0	69	69	nan	nan	3.0853638076896203e-16	2.5832964271261115e-31	0.5420460334861464	0.20378543562349227	nan	0.20378543562349227	0.5420460334861466	1	yes		False		5.247e-06	0.020800988
A-sirv	sirv-e0-drna-full	+calib	demote	ont-drna	concentrations	ok	3.37	0.27	0	69	8dda45267176c13c94040bad83d064cd	0	69	69	nan	nan	8.411347411059261e-17	8.031712886348886e-32	0.4693833292877172	0.18128643363530675	nan	0.18128643363530675	0.4693833292877173	1	yes	ont_drna_competing_risks	False		0.216109125	0.049493455
A-sirv	sirv-e0-drna-full	+censor	demote	ont-drna	concentrations	ok	3.4	0.28	0	69	8dda45267176c13c94040bad83d064cd	0	69	69	nan	nan	-4.473950154529638e-16	-4.4773271411324695e-31	0.4315946308746548	0.1746651199364881	nan	0.1746651199364881	0.43159463087465494	1	yes	ont_drna_competing_risks	False	36.49522356907763	0.220280794	0.083210611
A-sirv	sirv-e0-drna-full	+prune	demote	ont-drna	concentrations	ok	3.33	0.29	0	69	8dda45267176c13c94040bad83d064cd	0	69	69	nan	nan	-6.787261956883162e-16	-6.8338795755327854e-31	0.4260011561536265	0.17018142846661427	nan	0.17018142846661427	0.4260011561536265	1	yes	ont_drna_competing_risks	False		0.21836643	0.03119863
A-sirv	sirv-e0-drna-full	+rank	demote	ont-drna	concentrations	ok	3.34	0.288	0	69	8dda45267176c13c94040bad83d064cd	0	69	69	nan	nan	-1.1618078455153837e-16	-1.080617506064388e-31	0.4911614237329474	0.1848748832547688	nan	0.1848748832547688	0.49116142373294736	1	yes	ont_drna_competing_risks	False		0.217730339	0.037713482
A-sirv	sirv-e0-drna-full	adaptive-bare	demote	ont-drna	concentrations	ok	3.33	0.285	0	69	8dda45267176c13c94040bad83d064cd	0	69	69	nan	nan	-7.859092237469058e-16	-7.309690451626436e-31	0.491168959072115	0.18488259854987873	nan	0.18488259854987873	0.491168959072115	1	yes	ont_drna_competing_risks	False		0.21086853	0.038501986
A-sirv	sirv-e0-drna-full	auto-new	demote	ont-drna	concentrations	ok	3.4	0.289	0	69	8dda45267176c13c94040bad83d064cd	0	69	69	nan	nan	-4.3973023037009356e-16	-4.474237464800274e-31	0.4181035436397786	0.17232849000343545	nan	0.17232849000343545	0.41810354363977875	1	yes	ont_drna_competing_risks	False	36.49522356907763	0.230354324	0.088358379
A-sirv	sirv-e0-drna-full	auto-old	demote	ont-drna	concentrations	ok	3.4	0.265	0	69	8dda45267176c13c94040bad83d064cd	0	69	69	nan	nan	-2.9161840001626664e-16	-3.0582906504104305e-31	0.39194262553971776	0.16854945928728457	nan	0.16854945928728457	0.3919426255397179	1	yes	ont_drna_competing_risks	False	36.49522356907763	0.230722449	0.085482917
A-sirv	sirv-e0-drna-full	logistic	demote	ont-drna	concentrations	ok	3.13	0.287	0	69	8dda45267176c13c94040bad83d064cd	0	69	69	nan	nan	-1.2348142183109467e-16	-1.0342548872169025e-31	0.5479176468155259	0.20533740992419305	nan	0.20533740992419305	0.5479176468155259	1	yes		False		0.006881204	0.033792289
A-sirv	sirv-e0-drna-full	none	demote	ont-drna	concentrations	ok	3.12	0.281	0	69	8dda45267176c13c94040bad83d064cd	0	69	69	nan	nan	2.9787390743175637e-16	2.5090018746653737e-31	0.5349980787702441	0.20418961999247096	nan	0.20418961999247096	0.5349980787702444	1	yes		False		5.768e-06	0.035581572
A-sirv	sirv-e0-pacbio-full	+calib	demote	pac-bio	concentrations	ok	31.26	0.217	0	69	8dda45267176c13c94040bad83d064cd	0	69	69	nan	nan	-2.805088686745715e-17	-1.3597340166902954e-32	1.173944551711066	0.39503399991506905	nan	0.39503399991506905	1.173944551711066	1	yes	pacbio_guarded_physical_endpoint	False		0.616630033	0.019294256
A-sirv	sirv-e0-pacbio-full	+censor	demote	pac-bio	concentrations	ok	31.28	0.216	0	69	8dda45267176c13c94040bad83d064cd	0	69	69	nan	nan	2.956682093627589e-16	1.4342404366537454e-31	1.1737416238427358	0.39437642892046354	nan	0.39437642892046354	1.1737416238427356	1	yes	pacbio_guarded_physical_endpoint	False	25.0	0.623063701	0.018310837
A-sirv	sirv-e0-pacbio-full	+prune	demote	pac-bio	concentrations	ok	31.11	0.222	0	69	8dda45267176c13c94040bad83d064cd	0	69	69	nan	nan	6.48393732030726e-17	3.2086032103251737e-32	1.1668897338089863	0.37971616395656416	nan	0.37971616395656416	1.166889733808986	1	yes	pacbio_guarded_physical_endpoint	False		0.625722899	0.017190273
A-sirv	sirv-e0-pacbio-full	+rank	demote	pac-bio	concentrations	ok	30.83	0.223	0	69	8dda45267176c13c94040bad83d064cd	0	69	69	nan	nan	-2.4315169300530798e-17	-1.178869364022909e-32	1.1739633456436562	0.39480472312761083	nan	0.39480472312761083	1.173963345643656	1	yes	pacbio_guarded_physical_endpoint	False		0.614609197	0.020999941
A-sirv	sirv-e0-pacbio-full	adaptive-bare	demote	pac-bio	concentrations	ok	31.38	0.224	0	69	8dda45267176c13c94040bad83d064cd	0	69	69	nan	nan	1.0661266539463504e-16	5.168888749946602e-32	1.1739633456436562	0.39480472312761083	nan	0.39480472312761083	1.1739633456436562	1	yes	pacbio_guarded_physical_endpoint	False		0.618155285	0.01548904
A-sirv	sirv-e0-pacbio-full	auto-new	demote	pac-bio	concentrations	ok	31.13	0.217	0	69	8dda45267176c13c94040bad83d064cd	0	69	69	nan	nan	-2.058118033602773e-16	-9.981963233917234e-32	1.1737109467101	0.39459913193128204	nan	0.39459913193128204	1.1737109467100997	1	yes	pacbio_guarded_physical_endpoint	False	25.0	0.622871644	0.016976737
A-sirv	sirv-e0-pacbio-full	auto-old	demote	pac-bio	concentrations	ok	31.33	0.232	0	69	8dda45267176c13c94040bad83d064cd	0	69	69	nan	nan	-2.174264474839483e-16	-1.0760798741655732e-31	1.1667700481851837	0.3797882446806713	nan	0.3797882446806713	1.1667700481851835	1	yes	pacbio_guarded_physical_endpoint	False	25.0	0.62860379	0.013570132
A-sirv	sirv-e0-pacbio-full	logistic	demote	pac-bio	concentrations	ok	30.46	0.216	0	69	8dda45267176c13c94040bad83d064cd	0	69	69	nan	nan	4.0133162294648177e-16	1.85555198620226e-31	1.206869297499597	0.42185977055424506	nan	0.42185977055424506	1.206869297499597	1	yes		False		0.018530094	0.019846941
A-sirv	sirv-e0-pacbio-full	none	demote	pac-bio	concentrations	ok	30.51	0.21	0	69	8dda45267176c13c94040bad83d064cd	0	69	69	nan	nan	3.0378228996397325e-17	1.4007455938122875e-32	1.2073039311654246	0.423051992174164	nan	0.423051992174164	1.2073039311654248	1	yes		False		6.439e-06	0.020478685
A-sirv	sirv-e2-drna-10k	+calib	demote	ont-drna	concentrations	ok	0.31	0.169	0	69	8dda45267176c13c94040bad83d064cd	0	69	69	0.815729286129292	0.7159835410810229	0.895651605800458	0.8949117843719199	0.6568881171285706	0.2683395510349223	0.815729286129292	0.2683395510349223	1.4758711162630491	0	yes	ont_drna_competing_risks	False		0.014238051	0.032141275
A-sirv	sirv-e2-drna-10k	+censor	demote	ont-drna	concentrations	ok	0.31	0.152	0	69	8dda45267176c13c94040bad83d064cd	0	69	69	0.8200289035996579	0.7198023956942602	0.8997890956198479	0.8989431383800806	0.6454231109335069	0.2689468993916576	0.8200289035996579	0.2689468993916576	1.4863166045676064	0	yes	ont_drna_competing_risks	False	28.81257014590348	0.014766415	0.034491578
A-sirv	sirv-e2-drna-10k	+prune	demote	ont-drna	concentrations	ok	0.33	0.183	0	69	8dda45267176c13c94040bad83d064cd	0	69	69	0.8553517760016515	0.7514728015597755	0.9053723191689875	0.9049929095836636	0.6299465756913833	0.2575876983337932	0.8553517760016515	0.2575876983337932	1.4599359383850572	0	yes	ont_drna_competing_risks	False		0.014226744	0.0123412
A-sirv	sirv-e2-drna-10k	+rank	demote	ont-drna	concentrations	ok	0.3	0.164	0	69	8dda45267176c13c94040bad83d064cd	0	69	69	0.8164489080183903	0.7169690655697786	0.8926296730710939	0.8919118355722613	0.6734907090179566	0.26947400736005006	0.8164489080183903	0.26947400736005006	1.4729191634970078	0	yes	ont_drna_competing_risks	False		0.014164539	0.018027906
A-sirv	sirv-e2-drna-10k	adaptive-bare	demote	ont-drna	concentrations	ok	0.3	0.159	0	69	8dda45267176c13c94040bad83d064cd	0	69	69	0.8164489080183903	0.7169690655697786	0.8926325676245728	0.8919148068389078	0.6734738913331849	0.26948013575737045	0.8164489080183903	0.26948013575737045	1.4729140014828122	0	yes	ont_drna_competing_risks	False		0.014133186	0.018146889
A-sirv	sirv-e2-drna-10k	auto-new	demote	ont-drna	concentrations	ok	0.3	0.156	0	69	8dda45267176c13c94040bad83d064cd	0	69	69	0.8448725262275327	0.7375266680916565	0.9053897379625326	0.9045274507592255	0.6353850700427786	0.2730158721791133	0.8448725262275327	0.2730158721791133	1.4899461304955073	0	yes	ont_drna_competing_risks	False	28.81257014590348	0.014954202	0.015527238
A-sirv	sirv-e2-drna-10k	auto-old	demote	ont-drna	concentrations	ok	0.3	0.17	0	69	8dda45267176c13c94040bad83d064cd	0	69	69	0.8837856555353681	0.7719881662860951	0.9155177525337053	0.915271263756341	0.6084145880186903	0.2523206773603572	0.8837856555353681	0.2523206773603572	1.4580706303793072	0	yes	ont_drna_competing_risks	False	28.81257014590348	0.015080836	0.013458883
A-sirv	sirv-e2-drna-10k	logistic	demote	ont-drna	concentrations	ok	0.28	0.159	0	69	8dda45267176c13c94040bad83d064cd	0	69	69	0.8177555898696479	0.7169690655697786	0.8925007071481715	0.8917124682457254	0.6756795540608511	0.269784246207655	0.8177555898696479	0.269784246207655	1.4770663851344599	0	yes		False		0.00086064	0.015371264
A-sirv	sirv-e2-drna-10k	none	demote	ont-drna	concentrations	ok	0.29	0.159	0	69	8dda45267176c13c94040bad83d064cd	0	69	69	0.8158997228924993	0.7169690655697786	0.892244824338372	0.8916522352893931	0.6742296766033959	0.26986456625535155	0.8158997228924993	0.26986456625535155	1.4632741065680324	0	yes		False		4.486e-06	0.018063235
A-sirv	sirv-e2-drna-25k	+calib	demote	ont-drna	concentrations	ok	0.58	0.206	0	69	8dda45267176c13c94040bad83d064cd	0	69	69	0.8162727663625223	0.7129450942948068	0.8937250765782314	0.8927307384249139	0.6854259669779605	0.23681462665498448	0.8162727663625223	0.23681462665498448	1.4874580279891139	0	yes	ont_drna_competing_risks	False		0.029171253	0.036224303
A-sirv	sirv-e2-drna-25k	+censor	demote	ont-drna	concentrations	ok	0.58	0.195	0	69	8dda45267176c13c94040bad83d064cd	0	69	69	0.8469279648951349	0.7375463742911769	0.9051633473326589	0.9040774462582171	0.6563971028433113	0.23456504357286126	0.8469279648951349	0.23456504357286126	1.4994105080847346	0	yes	ont_drna_competing_risks	False	29.32796132151491	0.030303035	0.004434319
A-sirv	sirv-e2-drna-25k	+prune	demote	ont-drna	concentrations	ok	0.58	0.207	0	69	8dda45267176c13c94040bad83d064cd	0	69	69	0.8565657018025468	0.7503390398892894	0.9032726670679384	0.902676767099663	0.6580500121237084	0.22635330553445657	0.8565657018025468	0.22635330553445657	1.4725380676871305	0	yes	ont_drna_competing_risks	False		0.029438219	0.01422312
A-sirv	sirv-e2-drna-25k	+rank	demote	ont-drna	concentrations	ok	0.57	0.212	0	69	8dda45267176c13c94040bad83d064cd	0	69	69	0.8148405250935316	0.712417282195345	0.8903051101488381	0.8893316130127871	0.7043296178091414	0.23821637629549547	0.8148405250935316	0.23821637629549547	1.4852128560099178	0	yes	ont_drna_competing_risks	False		0.028837876	0.022867531
A-sirv	sirv-e2-drna-25k	adaptive-bare	demote	ont-drna	concentrations	ok	0.58	0.219	0	69	8dda45267176c13c94040bad83d064cd	0	69	69	0.8148405250935316	0.712417282195345	0.890307834301516	0.8893341707974866	0.7043198673037246	0.23817849782542713	0.8148405250935316	0.23817849782542713	1.4852198089051036	0	yes	ont_drna_competing_risks	False		0.028791863	0.024254202
A-sirv	sirv-e2-drna-25k	auto-new	demote	ont-drna	concentrations	ok	0.6	0.197	0	69	8dda45267176c13c94040bad83d064cd	0	69	69	0.8398085364527246	0.7286899134924837	0.9078233997351105	0.9066634782560469	0.649445805529075	0.2415959504653503	0.8398085364527246	0.2415959504653503	1.5030745109959756	0	yes	ont_drna_competing_risks	False	29.32796132151491	0.030519722	0.03539734
A-sirv	sirv-e2-drna-25k	auto-old	demote	ont-drna	concentrations	ok	0.55	0.201	0	69	8dda45267176c13c94040bad83d064cd	0	69	69	0.8880026441331345	0.7744446752427664	0.9170105313311032	0.9166147474278608	0.6216549682847042	0.21919254674206715	0.8880026441331345	0.21919254674206715	1.4695128477276784	0	yes	ont_drna_competing_risks	False	29.32796132151491	0.030750448	0.009148132
A-sirv	sirv-e2-drna-25k	logistic	demote	ont-drna	concentrations	ok	0.53	0.198	0	69	8dda45267176c13c94040bad83d064cd	0	69	69	0.8148405250935316	0.712417282195345	0.8899210803009917	0.8888889738779474	0.7064582072945556	0.2393241362932759	0.8148405250935316	0.2393241362932759	1.4875690526651932	0	yes		False		0.001220253	0.018077704
A-sirv	sirv-e2-drna-25k	none	demote	ont-drna	concentrations	ok	0.54	0.21	0	69	8dda45267176c13c94040bad83d064cd	0	69	69	0.8148405250935316	0.712417282195345	0.8894432074670563	0.8886642049231437	0.7059342868869494	0.24201457288126874	0.8148405250935316	0.24201457288126874	1.4720934717095353	0	yes		False		4.456e-06	0.024760917
A-sirv	sirv-e2-drna-50k	+calib	demote	ont-drna	concentrations	ok	1.11	0.225	0	69	8dda45267176c13c94040bad83d064cd	0	69	69	0.8173296434054537	0.71411644889216	0.891801680808159	0.8909945961628951	0.6884719481030465	0.22915882124922626	0.8173296434054537	0.22915882124922626	1.478980898878911	0	yes	ont_drna_competing_risks	False		0.061745173	0.045469398
A-sirv	sirv-e2-drna-50k	+censor	demote	ont-drna	concentrations	ok	1.13	0.24	0	69	8dda45267176c13c94040bad83d064cd	0	69	69	0.8444734740081435	0.7321575374199867	0.9061921330515967	0.9053037813424913	0.6497850231997202	0.2318381156050057	0.8444734740081435	0.2318381156050057	1.488963003189221	0	yes	ont_drna_competing_risks	False	29.690594665143976	0.059369175	0.068985449
A-sirv	sirv-e2-drna-50k	+prune	demote	ont-drna	concentrations	ok	1.09	0.214	0	69	8dda45267176c13c94040bad83d064cd	0	69	69	0.8577651127326948	0.7508425518067963	0.901984342301852	0.9015485509664886	0.6568990709481694	0.21209232492332267	0.8577651127326948	0.21209232492332267	1.4626401689487825	0	yes	ont_drna_competing_risks	False		0.057069431	0.042679783
A-sirv	sirv-e2-drna-50k	+rank	demote	ont-drna	concentrations	ok	1.09	0.229	0	69	8dda45267176c13c94040bad83d064cd	0	69	69	0.8147579943534989	0.7109769918950971	0.8878430714927832	0.8870460970239358	0.7118718377791934	0.22936000088052647	0.8147579943534989	0.22936000088052647	1.4778972117755638	0	yes	ont_drna_competing_risks	False		0.056436364	0.042033838
A-sirv	sirv-e2-drna-50k	adaptive-bare	demote	ont-drna	concentrations	ok	1.09	0.24	0	69	8dda45267176c13c94040bad83d064cd	0	69	69	0.8147579943534989	0.7109769918950971	0.8878436899052398	0.8870468242156216	0.7118471537266652	0.229346297756124	0.8147579943534989	0.229346297756124	1.4778852897652082	0	yes	ont_drna_competing_risks	False		0.056599738	0.042444411
A-sirv	sirv-e2-drna-50k	auto-new	demote	ont-drna	concentrations	ok	1.09	0.243	0	69	8dda45267176c13c94040bad83d064cd	0	69	69	0.8437539835928543	0.7311741156101547	0.9075365501140439	0.9066239736249853	0.6433051552844771	0.2319103442279859	0.8437539835928543	0.2319103442279859	1.4923669712264986	0	yes	ont_drna_competing_risks	False	29.690594665143976	0.065231552	0.033028552
A-sirv	sirv-e2-drna-50k	auto-old	demote	ont-drna	concentrations	ok	1.18	0.22	0	69	8dda45267176c13c94040bad83d064cd	0	69	69	0.8799935797734688	0.7636270353346134	0.9176232360362404	0.9173504696453639	0.6113626451447551	0.2044344560290708	0.8799935797734688	0.2044344560290708	1.4575312394729172	0	yes	ont_drna_competing_risks	False	29.690594665143976	0.061102912	0.039985359
A-sirv	sirv-e2-drna-50k	logistic	demote	ont-drna	concentrations	ok	1.03	0.227	0	69	8dda45267176c13c94040bad83d064cd	0	69	69	0.8170301523670341	0.7139291454946617	0.8874468264545109	0.8866272191373716	0.7133361293169055	0.23202775564276437	0.8170301523670341	0.23202775564276437	1.478191795968188	0	yes		False		0.002103133	0.031557004
A-sirv	sirv-e2-drna-50k	none	demote	ont-drna	concentrations	ok	1.05	0.217	0	69	8dda45267176c13c94040bad83d064cd	0	69	69	0.8147579943534989	0.7109769918950971	0.8871035468663838	0.8865171393473135	0.7128797006426405	0.23295762276734736	0.8147579943534989	0.23295762276734736	1.462274415033521	0	yes		False		4.366e-06	0.036486813
A-sirv	sirv-e2-drna-full	+calib	demote	ont-drna	concentrations	ok	6.31	0.284	0	69	8dda45267176c13c94040bad83d064cd	0	69	69	0.8251419025868231	0.7203564757020017	0.89236378011163	0.8916717913196365	0.6900429026003199	0.2137480542776032	0.8251419025868231	0.2137480542776032	1.4733854846086698	0	yes	ont_drna_competing_risks	False		0.355110805	0.134153473
A-sirv	sirv-e2-drna-full	+censor	demote	ont-drna	concentrations	ok	6.31	0.285	0	69	8dda45267176c13c94040bad83d064cd	0	69	69	0.8850110787221955	0.7685441443837739	0.9133938562002332	0.912905150497125	0.6309382450584115	0.20605028866842692	0.8850110787221955	0.20605028866842692	1.4689051056766602	0	yes	ont_drna_competing_risks	False	34.98997966461348	0.375602967	0.125755479
A-sirv	sirv-e2-drna-full	+prune	demote	ont-drna	concentrations	ok	6.3	0.276	0	69	8dda45267176c13c94040bad83d064cd	0	69	69	0.8600371877283447	0.7537928172362927	0.9025630571224713	0.9023882274706979	0.648858646533041	0.1876107681502963	0.8600371877283447	0.1876107681502963	1.4346226192568046	0	yes	ont_drna_competing_risks	False		0.363857526	0.133457058
A-sirv	sirv-e2-drna-full	+rank	demote	ont-drna	concentrations	ok	6.29	0.276	0	69	8dda45267176c13c94040bad83d064cd	0	69	69	0.8187232907241123	0.7154393666528414	0.8875557809248509	0.8868531854182728	0.7138175906387599	0.21453316649392679	0.8187232907241123	0.21453316649392679	1.471925371917442	0	yes	ont_drna_competing_risks	False		0.358069991	0.124779622
A-sirv	sirv-e2-drna-full	adaptive-bare	demote	ont-drna	concentrations	ok	6.33	0.29	0	69	8dda45267176c13c94040bad83d064cd	0	69	69	0.8187232907241123	0.7154393666528414	0.8875561955206356	0.8868535710027511	0.7138124196330733	0.2145375161395823	0.8187232907241123	0.2145375161395823	1.4719252005866104	0	yes	ont_drna_competing_risks	False		0.368494482	0.132584521
A-sirv	sirv-e2-drna-full	auto-new	demote	ont-drna	concentrations	ok	6.31	0.295	0	69	8dda45267176c13c94040bad83d064cd	0	69	69	0.882814739559734	0.7655938789542776	0.9145455226064497	0.9140422622044369	0.6255083129549414	0.20807004642940377	0.882814739559734	0.20807004642940377	1.4729512459708323	0	yes	ont_drna_competing_risks	False	34.98997966461348	0.381406013	0.083439548
A-sirv	sirv-e2-drna-full	auto-old	demote	ont-drna	concentrations	ok	6.33	0.285	0	69	8dda45267176c13c94040bad83d064cd	0	69	69	0.8857305691374846	0.769527566193606	0.9191575332916143	0.9190205535403374	0.5990630646601308	0.1955702877719967	0.8857305691374846	0.1955702877719967	1.4416624928151593	0	yes	ont_drna_competing_risks	False	34.98997966461348	0.378834397	0.078867971
A-sirv	sirv-e2-drna-full	logistic	demote	ont-drna	concentrations	ok	5.95	0.275	0	69	8dda45267176c13c94040bad83d064cd	0	69	69	0.8207492242619	0.7174062102725055	0.8869827999495529	0.8863063790398885	0.7151276915333795	0.21876232899285428	0.8207492242619	0.21876232899285428	1.4683006390955444	0	yes		False		0.011336442	0.131338263
A-sirv	sirv-e2-drna-full	none	demote	ont-drna	concentrations	ok	5.94	0.265	0	69	8dda45267176c13c94040bad83d064cd	0	69	69	0.8174168476016137	0.7134725230331772	0.8859176948944959	0.8854557154040446	0.7176682295538389	0.22169110113728735	0.8174168476016137	0.22169110113728735	1.4523554524052826	0	yes		False		5.898e-06	0.134178577
B	nanosim-H9-cdna	+calib	demote	ont-cdna	counts	ok	76.32	2.692	0	177816	eb030c675f70c96dc8187f304a4cbb79	0	34646	34646	0.9075880449201369	0.8888561127609514	0.9692225540626774	0.968925793427666	80.19544593489782	0.057507552340990975	0.9294769861261217	0.22524282534969842			no	cross_fitted_adaptive_endpoint	False		5.014512911	11.376014
B	nanosim-H9-cdna	+censor	demote	ont-cdna	counts	ok	81.95	2.679	0	177816	eb030c675f70c96dc8187f304a4cbb79	0	34646	34646	0.907589231351131	0.8887740286662829	0.9694324028142697	0.9691655783735328	77.10780588912908	0.057665660199032846	0.9320610266607986	0.2243802180324201			no	cross_fitted_adaptive_endpoint	False	125.22325855614048	6.220208776	12.360595001
B	nanosim-H9-cdna	+prune	demote	ont-cdna	counts	ok	76.31	2.705	0	177816	eb030c675f70c96dc8187f304a4cbb79	0	34646	34646	0.8819845754908243	0.8605250137831622	0.959517714637008	0.9594998495741776	79.90425055268634	0.06961031098046408	0.9326063856899687	0.2228778807741789			no	cross_fitted_adaptive_endpoint	False		5.31046754	11.152076217
B	nanosim-H9-cdna	+rank	demote	ont-cdna	counts	ok	77.96	2.706	0	177816	eb030c675f70c96dc8187f304a4cbb79	0	34646	34646	0.8315134509765005	0.7993964180355344	0.9706999875034735	0.9704968221489777	80.71600748737924	0.12414982031721254	0.933750441750933	0.22045328319360002			no	cross_fitted_adaptive_endpoint	True		6.146434278	10.995357581
B	nanosim-H9-cdna	adaptive-bare	demote	ont-cdna	counts	ok	78.04	2.693	0	177816	eb030c675f70c96dc8187f304a4cbb79	0	34646	34646	0.9076754011964291	0.8889282498596922	0.969181442448658	0.9688804799451333	80.45916973987764	0.05751445661869717	0.9293563459977375	0.22562462096952768			no	cross_fitted_adaptive_endpoint	False		4.804994879	11.585873546
B	nanosim-H9-cdna	auto-new	demote	ont-cdna	counts	ok	82.61	2.684	0	177816	eb030c675f70c96dc8187f304a4cbb79	0	34646	34646	0.9074818939842154	0.8886825148136378	0.9694618714030744	0.9691988157880864	77.56755400542598	0.057658657841820594	0.9321792054067308	0.22399791903253394			no	cross_fitted_adaptive_endpoint	False	125.22325855614048	7.172618007	12.82265479
B	nanosim-H9-cdna	auto-old	demote	ont-cdna	counts	ok	84.32	2.705	0	177816	eb030c675f70c96dc8187f304a4cbb79	0	34646	34646	0.8099254507539323	0.7749567285035385	0.9562669234628671	0.9562127298714236	86.76661384772389	0.14027452978941865	0.9382730964119596	0.21457183481600378			no	cross_fitted_adaptive_endpoint	True	125.22325855614048	8.450814734	13.244302501
B	nanosim-H9-cdna	logistic	demote	ont-cdna	counts	ok	74.37	2.705	0	177816	eb030c675f70c96dc8187f304a4cbb79	0	34646	34646	0.9084043726427846	0.8899006066565416	0.9693118779199219	0.9689732221893593	77.08257370180515	0.05683799201694838	0.9285474725129699	0.22625135335928226			no		False		1.369891929	12.446319041
B	nanosim-H9-cdna	none	demote	ont-cdna	counts	ok	75.66	2.649	0	177816	eb030c675f70c96dc8187f304a4cbb79	0	34646	34646	0.8739161698751452	0.8510208091368515	0.9699139862345688	0.9696778558718468	237.31881890136492	0.07965918897221855	0.9272385182679502	0.22307563200034675			no		False		7.941e-06	12.997009725
B	nanosim-H9-cdna	logistic	main	ont-cdna	counts	ok	187.72	2.461	0	177816	eb030c675f70c96dc8187f304a4cbb79	0	34646	34646	0.9060505116196217	0.8869037407150692	0.9693602971320978	0.9690320891288403	73.92089800466792	0.058932146379438596	0.9296368519440305	0.22649305953374851			no					
B	nanosim-H9-drna	+calib	demote	ont-drna	counts	ok	130.35	3.326	0	177816	eb030c675f70c96dc8187f304a4cbb79	0	24403	24403	0.9350467063139939	0.9246450748738287	0.984302567435767	0.9842449400767516	89.94084967185144	0.03234959401094206	0.9704018398879249	0.18855367818094804			no	ont_drna_competing_risks	False		21.898208774	12.425900208
B	nanosim-H9-drna	+censor	demote	ont-drna	counts	ok	130.67	3.342	0	177816	eb030c675f70c96dc8187f304a4cbb79	0	24403	24403	0.9350843213547411	0.9246733659939004	0.9843772575635509	0.9843214773390007	88.84138211407745	0.03234612112123842	0.9709495733792404	0.18836445819342426			no	ont_drna_competing_risks	False	28.137558444533855	23.03202029	12.61768823
B	nanosim-H9-drna	+prune	demote	ont-drna	counts	ok	134.11	3.341	0	177816	eb030c675f70c96dc8187f304a4cbb79	0	24403	24403	0.8876588123483864	0.8740945132101293	0.9703709450850693	0.9703244363052483	93.00375895581226	0.04791261183666326	0.9717252471735351	0.18819936017490121			no	ont_drna_competing_risks	False		22.387869719	12.594780422
B	nanosim-H9-drna	+rank	demote	ont-drna	counts	ok	130.77	3.329	0	177816	eb030c675f70c96dc8187f304a4cbb79	0	24403	24403	0.9349799120549105	0.9245684461525252	0.9842984407069743	0.9842395950889262	89.79027787729203	0.03237403096644119	0.9703206289769291	0.18893663444366296			no	ont_drna_competing_risks	False		22.132129504	13.972147909
B	nanosim-H9-drna	adaptive-bare	demote	ont-drna	counts	ok	131.4	3.334	0	177816	eb030c675f70c96dc8187f304a4cbb79	0	24403	24403	0.9349799120549105	0.9245684461525252	0.9842984407069743	0.9842395950889262	89.79027787729203	0.03237403096644119	0.9703206289769291	0.18893663444366296			no	ont_drna_competing_risks	False		21.533072392	12.924988715
B	nanosim-H9-drna	auto-new	demote	ont-drna	counts	ok	135.48	3.332	0	177816	eb030c675f70c96dc8187f304a4cbb79	0	24403	24403	0.9350338180889168	0.9246305202369159	0.9843772163683598	0.98432269706672	89.06948724308432	0.03234031093063767	0.9710176366969709	0.18799429285097197			no	ont_drna_competing_risks	False	28.137558444533855	23.277186273	13.231670035
B	nanosim-H9-drna	auto-old	demote	ont-drna	counts	ok	134.52	3.333	0	177816	eb030c675f70c96dc8187f304a4cbb79	0	24403	24403	0.8736038359942397	0.8591133655135086	0.9658784435534146	0.9657456962028118	90.8884938228937	0.05292617558102077	0.9723726334709506	0.18793266553763016			no	ont_drna_competing_risks	False	28.137558444533855	24.486657802	13.56089816
B	nanosim-H9-drna	logistic	demote	ont-drna	counts	ok	113.1	3.341	0	177816	eb030c675f70c96dc8187f304a4cbb79	0	24403	24403	0.936347540655561	0.92608981299899	0.9842378287862976	0.9841692058356374	91.05514136583274	0.031800050071426396	0.9690359688683338	0.1901224318116934			no		False		1.662912927	14.041153043
B	nanosim-H9-drna	none	demote	ont-drna	counts	ok	108.3	3.302	0	177816	eb030c675f70c96dc8187f304a4cbb79	0	24403	24403	0.911301501333828	0.8988872061906535	0.9825277080248552	0.9824929137998297	187.6102377858262	0.04178552062871018	0.9656258493538539	0.18850691046652993			no		False		5.187e-06	13.058854832
B	nanosim-H9-drna	logistic	main	ont-drna	counts	ok	203.06	3.015	0	177816	eb030c675f70c96dc8187f304a4cbb79	0	24403	24403	0.9313801370263645	0.9205794011627815	0.984107715728499	0.9840456288955509	89.00068934587944	0.03421738215018754	0.9696763476799286	0.18982903841403714			no					
B	nanosim-NA12878-cdna	+calib	demote	ont-cdna	counts	ok	68.0	2.882	0	177816	eb030c675f70c96dc8187f304a4cbb79	0	30279	30279	0.8841884814630603	0.8659326551259099	0.9613893976658423	0.961048737425146	68.31888686126653	0.05936544917768287	0.9227822715869671	0.2459502199867518			no	cross_fitted_adaptive_endpoint	False		4.247185828	10.477993944
B	nanosim-NA12878-cdna	+censor	demote	ont-cdna	counts	ok	68.33	2.882	0	177816	eb030c675f70c96dc8187f304a4cbb79	0	30279	30279	0.8827024913086742	0.8643512942912719	0.9607161347954533	0.9604395922243002	70.79715321593137	0.05994476597087884	0.9250593606306129	0.24449745717750893			no	cross_fitted_adaptive_endpoint	False	87.84967644778719	5.193771097	9.859256965
B	nanosim-NA12878-cdna	+prune	demote	ont-cdna	counts	ok	66.04	2.856	0	177816	eb030c675f70c96dc8187f304a4cbb79	0	30279	30279	0.8563917765707468	0.8357656814922004	0.9510156579359944	0.9509829751566152	81.24500325250685	0.07130687330926229	0.9261000842437488	0.24229673979853306			no	cross_fitted_adaptive_endpoint	False		4.514505614	9.579105114
B	nanosim-NA12878-cdna	+rank	demote	ont-cdna	counts	ok	67.73	2.882	0	177816	eb030c675f70c96dc8187f304a4cbb79	0	30279	30279	0.7879150686503223	0.7544084301977568	0.9634788642919466	0.9632594056915216	68.33837675032116	0.14258423936329645	0.9289915892987585	0.23814389863020322			no	cross_fitted_adaptive_endpoint	True		5.257347941	10.289880513
B	nanosim-NA12878-cdna	adaptive-bare	demote	ont-cdna	counts	ok	67.66	2.86	0	177816	eb030c675f70c96dc8187f304a4cbb79	0	30279	30279	0.8845972786241613	0.8663285482191526	0.9613497286327809	0.9609994801879742	68.54474555861438	0.059290825724593786	0.9223550611232663	0.24650277311154156			no	cross_fitted_adaptive_endpoint	False		3.971107484	9.886376198
B	nanosim-NA12878-cdna	auto-new	demote	ont-cdna	counts	ok	66.44	2.866	0	177816	eb030c675f70c96dc8187f304a4cbb79	0	30279	30279	0.8824396777472289	0.8640763178827318	0.9606818221735609	0.9604131238475144	70.72305895872532	0.06002932426952913	0.9252955033863869	0.243970221087572			no	cross_fitted_adaptive_endpoint	False	87.84967644778719	5.443928979	9.568843975
B	nanosim-NA12878-cdna	auto-old	demote	ont-cdna	counts	ok	68.34	2.856	0	177816	eb030c675f70c96dc8187f304a4cbb79	0	30279	30279	0.7676504343374131	0.7319081499688918	0.9448289115630928	0.9446569184793456	97.28436423880284	0.1575967761592051	0.9353981863361638	0.2294074556466599			no	cross_fitted_adaptive_endpoint	True	87.84967644778719	7.045567016	9.461983503
B	nanosim-NA12878-cdna	logistic	demote	ont-cdna	counts	ok	63.52	2.862	0	177816	eb030c675f70c96dc8187f304a4cbb79	0	30279	30279	0.8867172948033878	0.8687772134260231	0.9625193234236821	0.9621291867830128	69.37997769391556	0.0581731234507589	0.9225854383283807	0.2448268476343388			no		False		1.092842559	9.873142978
B	nanosim-NA12878-cdna	none	demote	ont-cdna	counts	ok	60.42	2.813	0	177816	eb030c675f70c96dc8187f304a4cbb79	0	30279	30279	0.8391903063086938	0.816044363133655	0.9617841604650829	0.9614683958888681	227.44531530418806	0.0873228450954721	0.9163549109277163	0.23998147308353868			no		False		5.107e-06	9.690261729
B	nanosim-NA12878-cdna	logistic	main	ont-cdna	counts	ok	208.04	2.497	0	177816	eb030c675f70c96dc8187f304a4cbb79	0	30279	30279	0.8850082404473107	0.866885828148724	0.9620884362675269	0.9617049549609311	72.08695904734951	0.05900238412154156	0.9227151470562591	0.2453042681381827			no					
B	nanosim-NA12878-drna	+calib	demote	ont-drna	counts	ok	81.74	1.99	0	177816	eb030c675f70c96dc8187f304a4cbb79	0	25546	25546	0.917101795918192	0.9052668020215199	0.9785398309127615	0.9784168649444761	45.867929069807424	0.038143878069795405	0.9539166404534632	0.19645313641504497			no	ont_drna_competing_risks	False		16.242715058	8.609564711
B	nanosim-NA12878-drna	+censor	demote	ont-drna	counts	ok	83.43	1.991	0	177816	eb030c675f70c96dc8187f304a4cbb79	0	25546	25546	0.9167511224666879	0.9049075786491284	0.9784417934555281	0.9783182838291078	46.493928878884745	0.03818021096137955	0.9539634115544638	0.1965886006540619			no	ont_drna_competing_risks	False	25.0	16.973107461	8.312039286
B	nanosim-NA12878-drna	+prune	demote	ont-drna	counts	ok	116.87	1.99	0	177816	eb030c675f70c96dc8187f304a4cbb79	0	25546	25546	0.8804953159205694	0.8660280168758095	0.9669225350177751	0.9669088332262794	50.04028890878403	0.05077118916320265	0.956805042823142	0.19372621045345814			no	ont_drna_competing_risks	False		28.255891423	30.20052061
B	nanosim-NA12878-drna	+rank	demote	ont-drna	counts	ok	122.12	1.99	0	177816	eb030c675f70c96dc8187f304a4cbb79	0	25546	25546	0.9167808841683006	0.904926441680337	0.9783941600071719	0.978265787745294	46.17447819820162	0.03820963822284035	0.9534621897491731	0.19718488335679088			no	ont_drna_competing_risks	False		15.95371273	9.788317555999999
B	nanosim-NA12878-drna	adaptive-bare	demote	ont-drna	counts	ok	82.48	1.989	0	177816	eb030c675f70c96dc8187f304a4cbb79	0	25546	25546	0.9167808841683006	0.904926441680337	0.9783941600071719	0.978265787745294	46.17447819820162	0.03820963822284035	0.9534621897491731	0.19718488335679088			no	ont_drna_competing_risks	False		15.93036936	8.901051051
B	nanosim-NA12878-drna	auto-new	demote	ont-drna	counts	ok	83.03	1.99	0	177816	eb030c675f70c96dc8187f304a4cbb79	0	25546	25546	0.9170331747002655	0.9052043868820957	0.9785940858098079	0.9784759275133662	46.219762156993646	0.038118463425460006	0.9544222571456511	0.19588478401556395			no	ont_drna_competing_risks	False	25.0	17.124833055	8.419859675
B	nanosim-NA12878-drna	auto-old	demote	ont-drna	counts	ok	86.21	1.989	0	177816	eb030c675f70c96dc8187f304a4cbb79	0	25546	25546	0.8723628639138961	0.8572850781932029	0.9641705760429442	0.9641258603360955	52.44670739089237	0.05382017019399547	0.9572774114083908	0.1931060590000587			no	ont_drna_competing_risks	False	25.0	17.67951431	9.309200866
B	nanosim-NA12878-drna	logistic	demote	ont-drna	counts	ok	68.69	1.986	0	177816	eb030c675f70c96dc8187f304a4cbb79	0	25546	25546	0.9192382544668514	0.90769246222187	0.9786338760781302	0.9784843056779651	46.687751675567945	0.03700350717742737	0.9529257011437673	0.1964618974501458			no		False		1.197659933	9.508117191
B	nanosim-NA12878-drna	none	demote	ont-drna	counts	ok	66.09	1.911	0	177816	eb030c675f70c96dc8187f304a4cbb79	0	25546	25546	0.8723257090390629	0.8563087062012722	0.9782079677852741	0.9781271891574297	147.2099112498829	0.059472435774669534	0.9505054643082201	0.19228648867566886			no		False		6.959e-06	9.027002258
B	nanosim-NA12878-drna	logistic	main	ont-drna	counts	ok	135.49	2.075	0	177816	eb030c675f70c96dc8187f304a4cbb79	0	25546	25546	0.9139263587696684	0.9017365126036402	0.9786415301128673	0.978500030026561	46.08723840923961	0.039621054554421734	0.9539638591943045	0.19687064263090326			no					
B	tksm-RSII	+calib	demote	pac-bio	counts	ok	317.0	4.689	0	177816	eb030c675f70c96dc8187f304a4cbb79	0	42333	42333	0.9373900479275615	0.9205851369682008	0.9828340567399853	0.9827260912505358	61.29283724344595	0.054930782108992056	0.9628011737212198	0.2006843821957464			no	pacbio_guarded_physical_endpoint	False		57.099423193	18.978792812000002
B	tksm-RSII	+censor	demote	pac-bio	counts	ok	324.62	4.69	0	177816	eb030c675f70c96dc8187f304a4cbb79	0	42333	42333	0.9383855649391021	0.9217911034115808	0.9833963855836259	0.9832866527225874	59.47973249307032	0.05423225923410113	0.963962112017734	0.1988605439721004			no	pacbio_guarded_physical_endpoint	False	25.0	57.711170317	18.432758875
B	tksm-RSII	+prune	demote	pac-bio	counts	ok	334.25	4.689	0	177816	eb030c675f70c96dc8187f304a4cbb79	0	42333	42333	0.8966480344295888	0.8739066632666375	0.9662518288285109	0.9661536633149105	59.61102466978374	0.07776558881521324	0.9580757801954035	0.20206377863052363			no	pacbio_guarded_physical_endpoint	False		56.728570054	17.283724489
B	tksm-RSII	+rank	demote	pac-bio	counts	ok	332.29	4.69	0	177816	eb030c675f70c96dc8187f304a4cbb79	0	42333	42333	0.9379592141018376	0.9213204935069408	0.9831494966221433	0.9830352202216588	59.829952220684916	0.05446226565060175	0.9632292845207073	0.19985028769346375			no	pacbio_guarded_physical_endpoint	False		59.454340076	17.917750704
B	tksm-RSII	adaptive-bare	demote	pac-bio	counts	ok	331.15	4.69	0	177816	eb030c675f70c96dc8187f304a4cbb79	0	42333	42333	0.9379592141018376	0.9213204935069408	0.9831494966221433	0.9830352202216588	59.829952220684916	0.05446226565060175	0.9632292845207073	0.19985028769346375			no	pacbio_guarded_physical_endpoint	False		59.495355407	19.318750699
B	tksm-RSII	auto-new	demote	pac-bio	counts	ok	322.69	4.689	0	177816	eb030c675f70c96dc8187f304a4cbb79	0	42333	42333	0.9377872890642923	0.9210303051113827	0.9830885198583297	0.9829847643590831	60.92430288385525	0.05471431220469122	0.9635473553342873	0.19975149738949224			no	pacbio_guarded_physical_endpoint	False	25.0	60.086373061	19.645352026
B	tksm-RSII	auto-old	demote	pac-bio	counts	ok	323.03	4.689	0	177816	eb030c675f70c96dc8187f304a4cbb79	0	42333	42333	0.8958847376021485	0.8729455834348362	0.9660756127285939	0.9659665721920581	60.411388127503585	0.07849829227001102	0.9580468372722195	0.20223589961222402			no	pacbio_guarded_physical_endpoint	False	25.0	60.741699244	17.734502251
B	tksm-RSII	logistic	demote	pac-bio	counts	ok	274.63	4.68	0	177816	eb030c675f70c96dc8187f304a4cbb79	0	42333	42333	0.9353709400990387	0.917894410805662	0.9796475734785012	0.9794956549453512	80.08467286531358	0.056656663047915376	0.9528154460055245	0.20913852541818728			no		False		3.146421731	17.666170317
B	tksm-RSII	none	demote	pac-bio	counts	ok	279.03	4.3	0	177816	eb030c675f70c96dc8187f304a4cbb79	0	42333	42333	0.9288955123756174	0.9103084955797807	0.97798949774189	0.9778727424675142	142.197666539605	0.06125933089544464	0.9473480193222403	0.20947934666818757			no		False		5.017e-06	19.331226659
B	tksm-RSII	logistic	main	pac-bio	counts	ok	519.06	3.853	0	177816	eb030c675f70c96dc8187f304a4cbb79	0	42333	42333	0.9351467375039565	0.9175941182153354	0.9794504820774429	0.9792946147115288	79.75470904887646	0.056787978854477394	0.9523614969030109	0.209713728013317			no					
B	tksm-SQ2	+calib	demote	pac-bio-hifi	counts	ok	148.21	4.943	0	177816	eb030c675f70c96dc8187f304a4cbb79	0	76074	76074	0.9479235742693749	0.9165874420002835	0.9772865799738931	0.9771859954825662	35.867801058589976	0.08488068292256419	0.953867679296993	0.17216320312536046			no	pacbio_guarded_physical_endpoint	False		64.054370347	19.48152778
B	tksm-SQ2	+censor	demote	pac-bio-hifi	counts	ok	150.58	4.943	0	177816	eb030c675f70c96dc8187f304a4cbb79	0	76074	76074	0.9481835651019853	0.9170005534884845	0.9775373614091952	0.9774337860437273	31.946543031124314	0.0844944074022097	0.9540586670828953	0.1715232214242885			no	pacbio_guarded_physical_endpoint	False	25.0	64.425955582	21.713080275
B	tksm-SQ2	+prune	demote	pac-bio-hifi	counts	ok	152.6	4.942	0	177816	eb030c675f70c96dc8187f304a4cbb79	0	76074	76074	0.9185563554910405	0.8790630609193306	0.9580922290533052	0.9579425886603546	39.5833641577398	0.11005389916018106	0.9442051582678869	0.17897499977741085			no	pacbio_guarded_physical_endpoint	False		66.768383176	20.328837208
B	tksm-SQ2	+rank	demote	pac-bio-hifi	counts	ok	145.91	4.943	0	177816	eb030c675f70c96dc8187f304a4cbb79	0	76074	76074	0.9481030800251766	0.916872152477734	0.9774911711828981	0.9773857681374356	32.11046861315089	0.08462573744331348	0.9539073655201569	0.17188277373636499			no	pacbio_guarded_physical_endpoint	False		61.8106705	19.130615913
B	tksm-SQ2	adaptive-bare	demote	pac-bio-hifi	counts	ok	147.23	4.94	0	177816	eb030c675f70c96dc8187f304a4cbb79	0	76074	76074	0.9481030800251766	0.916872152477734	0.9774911711828981	0.9773857681374356	32.11046861315089	0.08462573744331348	0.9539073655201569	0.17188277373636499			no	pacbio_guarded_physical_endpoint	False		61.155428005	20.84208885
B	tksm-SQ2	auto-new	demote	pac-bio-hifi	counts	ok	150.61	4.943	0	177816	eb030c675f70c96dc8187f304a4cbb79	0	76074	76074	0.9479729905105239	0.9166852671274595	0.9773299333209089	0.9772310569739487	35.708468427118525	0.08475971027624689	0.9540041490527261	0.17181471517839364			no	pacbio_guarded_physical_endpoint	False	25.0	65.202383482	20.475207462
B	tksm-SQ2	auto-old	demote	pac-bio-hifi	counts	ok	147.87	4.943	0	177816	eb030c675f70c96dc8187f304a4cbb79	0	76074	76074	0.9183349736909869	0.8787310089075928	0.9579101872888374	0.9577530138272096	42.09301997094497	0.1103407659278354	0.9441358219337235	0.1790934305311141			no	pacbio_guarded_physical_endpoint	False	25.0	65.174449562	18.033620282
B	tksm-SQ2	logistic	demote	pac-bio-hifi	counts	ok	89.0	4.399	0	177816	eb030c675f70c96dc8187f304a4cbb79	0	76074	76074	0.945945818314231	0.9138510672078394	0.9750050977887768	0.9748439902666652	56.001318276593985	0.0871629138244082	0.9453592081241953	0.179048829884073			no		False		3.956971309	20.662807814
B	tksm-SQ2	none	demote	pac-bio-hifi	counts	ok	82.24	4.309	0	177816	eb030c675f70c96dc8187f304a4cbb79	0	76074	76074	0.9479841111695841	0.9163614008300989	0.9766727105811498	0.9764924484927967	129.82909382603984	0.08706771260290748	0.9437924786817301	0.17529027505059017			no		False		5.067e-06	21.236489432
B	tksm-SQ2	logistic	main	pac-bio-hifi	counts	ok	366.09	3.646	0	177816	eb030c675f70c96dc8187f304a4cbb79	0	76074	76074	0.9455537915145042	0.9133504018863772	0.9747149791277036	0.9745486471330868	55.77851566858228	0.08740959321586603	0.9446842562020237	0.17969114582212625			no					
